,task_ID,seed
0,task_A,1
1,task_A,2
2,task_A,3
3,task_A,4
4,task_A,5
5,task_A,6
6,task_A,7
7,task_A,8
8,task_A,9
9,task_A,10
10,task_A,11
11,task_A,12
12,task_A,13
13,task_A,14
14,task_A,15
15,task_A,16
16,task_A,17
17,task_A,18
18,task_A,19
19,task_A,20
20,task_A,21
21,task_A,22
22,task_A,23
23,task_A,24
24,task_A,25
25,task_A,26
26,task_A,27
27,task_A,28
28,task_A,29
29,task_A,30
30,task_A,31
31,task_A,32
32,task_A,33
33,task_A,34
34,task_A,35
35,task_A,36
36,task_A,37
37,task_A,38
38,task_A,39
39,task_A,40
40,task_A,41
41,task_A,42
42,task_A,43
43,task_A,44
44,task_A,45
45,task_A,46
46,task_A,47
47,task_A,48
48,task_A,49
49,task_A,50
50,task_A,51
51,task_A,52
52,task_A,53
53,task_A,54
54,task_A,55
55,task_A,56
56,task_A,57
57,task_A,58
58,task_A,59
59,task_A,60
60,task_A,61
61,task_A,62
62,task_A,63
63,task_A,64
64,task_A,65
65,task_A,66
66,task_A,67
67,task_A,68
68,task_A,69
69,task_A,70
70,task_A,71
71,task_A,72
72,task_A,73
73,task_A,74
74,task_A,75
75,task_A,76
76,task_A,77
77,task_A,78
78,task_A,79
79,task_A,80
80,task_A,81
81,task_A,82
82,task_A,83
83,task_A,84
84,task_A,85
85,task_A,86
86,task_A,87
87,task_A,88
88,task_A,89
89,task_A,90
90,task_A,91
91,task_A,92
92,task_A,93
93,task_A,94
94,task_A,95
95,task_A,96
96,task_A,97
97,task_A,98
98,task_A,99
99,task_A,100
100,task_A,101
101,task_A,102
102,task_A,103
103,task_A,104
104,task_A,105
105,task_A,106
106,task_A,107
107,task_A,108
108,task_A,109
109,task_A,110
110,task_A,111
111,task_A,112
112,task_A,113
113,task_A,114
114,task_A,115
115,task_A,116
116,task_A,117
117,task_A,118
118,task_A,119
119,task_A,120
120,task_A,121
121,task_A,122
122,task_A,123
123,task_A,124
124,task_A,125
125,task_A,126
126,task_A,127
127,task_A,128
128,task_A,129
129,task_A,130
130,task_A,131
131,task_A,132
132,task_A,133
133,task_A,134
134,task_A,135
135,task_A,136
136,task_A,137
137,task_A,138
138,task_A,139
139,task_A,140
140,task_A,141
141,task_A,142
142,task_A,143
143,task_A,144
144,task_A,145
145,task_A,146
146,task_A,147
147,task_A,148
148,task_A,149
149,task_A,150
150,task_A,151
151,task_A,152
152,task_A,153
153,task_A,154
154,task_A,155
155,task_A,156
156,task_A,157
157,task_A,158
158,task_A,159
159,task_A,160
160,task_A,161
161,task_A,162
162,task_A,163
163,task_A,164
164,task_A,165
165,task_A,166
166,task_A,167
167,task_A,168
168,task_A,169
169,task_A,170
170,task_A,171
171,task_A,172
172,task_A,173
173,task_A,174
174,task_A,175
175,task_A,176
176,task_A,177
177,task_A,178
178,task_A,179
179,task_A,180
180,task_A,181
181,task_A,182
182,task_A,183
183,task_A,184
184,task_A,185
185,task_A,186
186,task_A,187
187,task_A,188
188,task_A,189
189,task_A,190
190,task_A,191
191,task_A,192
192,task_A,193
193,task_A,194
194,task_A,195
195,task_A,196
196,task_A,197
197,task_A,198
198,task_A,199
199,task_A,200
200,task_A,201
201,task_A,202
202,task_A,203
203,task_A,204
204,task_A,205
205,task_A,206
206,task_A,207
207,task_A,208
208,task_A,209
209,task_A,210
210,task_A,211
211,task_A,212
212,task_A,213
213,task_A,214
214,task_A,215
215,task_A,216
216,task_A,217
217,task_A,218
218,task_A,219
219,task_A,220
220,task_A,221
221,task_A,222
222,task_A,223
223,task_A,224
224,task_A,225
225,task_A,226
226,task_A,227
227,task_A,228
228,task_A,229
229,task_A,230
230,task_A,231
231,task_A,232
232,task_A,233
233,task_A,234
234,task_A,235
235,task_A,236
236,task_A,237
237,task_A,238
238,task_A,239
239,task_A,240
240,task_A,241
241,task_A,242
242,task_A,243
243,task_A,244
244,task_A,245
245,task_A,246
246,task_A,247
247,task_A,248
248,task_A,249
249,task_A,250
250,task_A,251
251,task_A,252
252,task_A,253
253,task_A,254
254,task_A,255
255,task_A,256
256,task_A,257
257,task_A,258
258,task_A,259
259,task_A,260
260,task_A,261
261,task_A,262
262,task_A,263
263,task_A,264
264,task_A,265
265,task_A,266
266,task_A,267
267,task_A,268
268,task_A,269
269,task_A,270
270,task_A,271
271,task_A,272
272,task_A,273
273,task_A,274
274,task_A,275
275,task_A,276
276,task_A,277
277,task_A,278
278,task_A,279
279,task_A,280
280,task_A,281
281,task_A,282
282,task_A,283
283,task_A,284
284,task_A,285
285,task_A,286
286,task_A,287
287,task_A,288
288,task_A,289
289,task_A,290
290,task_A,291
291,task_A,292
292,task_A,293
293,task_A,294
294,task_A,295
295,task_A,296
296,task_A,297
297,task_A,298
298,task_A,299
299,task_A,300
300,task_A,301
301,task_A,302
302,task_A,303
303,task_A,304
304,task_A,305
305,task_A,306
306,task_A,307
307,task_A,308
308,task_A,309
309,task_A,310
310,task_A,311
311,task_A,312
312,task_A,313
313,task_A,314
314,task_A,315
315,task_A,316
316,task_A,317
317,task_A,318
318,task_A,319
319,task_A,320
320,task_A,321
321,task_A,322
322,task_A,323
323,task_A,324
324,task_A,325
325,task_A,326
326,task_A,327
327,task_A,328
328,task_A,329
329,task_A,330
330,task_A,331
331,task_A,332
332,task_A,333
333,task_A,334
334,task_A,335
335,task_A,336
336,task_A,337
337,task_A,338
338,task_A,339
339,task_A,340
340,task_A,341
341,task_A,342
342,task_A,343
343,task_A,344
344,task_A,345
345,task_A,346
346,task_A,347
347,task_A,348
348,task_A,349
349,task_A,350
350,task_A,351
351,task_A,352
352,task_A,353
353,task_A,354
354,task_A,355
355,task_A,356
356,task_A,357
357,task_A,358
358,task_A,359
359,task_A,360
360,task_A,361
361,task_A,362
362,task_A,363
363,task_A,364
364,task_A,365
365,task_A,366
366,task_A,367
367,task_A,368
368,task_A,369
369,task_A,370
370,task_A,371
371,task_A,372
372,task_A,373
373,task_A,374
374,task_A,375
375,task_A,376
376,task_A,377
377,task_A,378
378,task_A,379
379,task_A,380
380,task_A,381
381,task_A,382
382,task_A,383
383,task_A,384
384,task_A,385
385,task_A,386
386,task_A,387
387,task_A,388
388,task_A,389
389,task_A,390
390,task_A,391
391,task_A,392
392,task_A,393
393,task_A,394
394,task_A,395
395,task_A,396
396,task_A,397
397,task_A,398
398,task_A,399
399,task_A,400
400,task_A,401
401,task_A,402
402,task_A,403
403,task_A,404
404,task_A,405
405,task_A,406
406,task_A,407
407,task_A,408
408,task_A,409
409,task_A,410
410,task_A,411
411,task_A,412
412,task_A,413
413,task_A,414
414,task_A,415
415,task_A,416
416,task_A,417
417,task_A,418
418,task_A,419
419,task_A,420
420,task_A,421
421,task_A,422
422,task_A,423
423,task_A,424
424,task_A,425
425,task_A,426
426,task_A,427
427,task_A,428
428,task_A,429
429,task_A,430
430,task_A,431
431,task_A,432
432,task_A,433
433,task_A,434
434,task_A,435
435,task_A,436
436,task_A,437
437,task_A,438
438,task_A,439
439,task_A,440
440,task_A,441
441,task_A,442
442,task_A,443
443,task_A,444
444,task_A,445
445,task_A,446
446,task_A,447
447,task_A,448
448,task_A,449
449,task_A,450
450,task_A,451
451,task_A,452
452,task_A,453
453,task_A,454
454,task_A,455
455,task_A,456
456,task_A,457
457,task_A,458
458,task_A,459
459,task_A,460
460,task_A,461
461,task_A,462
462,task_A,463
463,task_A,464
464,task_A,465
465,task_A,466
466,task_A,467
467,task_A,468
468,task_A,469
469,task_A,470
470,task_A,471
471,task_A,472
472,task_A,473
473,task_A,474
474,task_A,475
475,task_A,476
476,task_A,477
477,task_A,478
478,task_A,479
479,task_A,480
480,task_A,481
481,task_A,482
482,task_A,483
483,task_A,484
484,task_A,485
485,task_A,486
486,task_A,487
487,task_A,488
488,task_A,489
489,task_A,490
490,task_A,491
491,task_A,492
492,task_A,493
493,task_A,494
494,task_A,495
495,task_A,496
496,task_A,497
497,task_A,498
498,task_A,499
499,task_A,500
500,task_A,501
501,task_A,502
502,task_A,503
503,task_A,504
504,task_A,505
505,task_A,506
506,task_A,507
507,task_A,508
508,task_A,509
509,task_A,510
510,task_A,511
511,task_A,512
512,task_A,513
513,task_A,514
514,task_A,515
515,task_A,516
516,task_A,517
517,task_A,518
518,task_A,519
519,task_A,520
520,task_A,521
521,task_A,522
522,task_A,523
523,task_A,524
524,task_A,525
525,task_A,526
526,task_A,527
527,task_A,528
528,task_A,529
529,task_A,530
530,task_A,531
531,task_A,532
532,task_A,533
533,task_A,534
534,task_A,535
535,task_A,536
536,task_A,537
537,task_A,538
538,task_A,539
539,task_A,540
540,task_A,541
541,task_A,542
542,task_A,543
543,task_A,544
544,task_A,545
545,task_A,546
546,task_A,547
547,task_A,548
548,task_A,549
549,task_A,550
550,task_A,551
551,task_A,552
552,task_A,553
553,task_A,554
554,task_A,555
555,task_A,556
556,task_A,557
557,task_A,558
558,task_A,559
559,task_A,560
560,task_A,561
561,task_A,562
562,task_A,563
563,task_A,564
564,task_A,565
565,task_A,566
566,task_A,567
567,task_A,568
568,task_A,569
569,task_A,570
570,task_A,571
571,task_A,572
572,task_A,573
573,task_A,574
574,task_A,575
575,task_A,576
576,task_A,577
577,task_A,578
578,task_A,579
579,task_A,580
580,task_A,581
581,task_A,582
582,task_A,583
583,task_A,584
584,task_A,585
585,task_A,586
586,task_A,587
587,task_A,588
588,task_A,589
589,task_A,590
590,task_A,591
591,task_A,592
592,task_A,593
593,task_A,594
594,task_A,595
595,task_A,596
596,task_A,597
597,task_A,598
598,task_A,599
599,task_A,600
600,task_A,601
601,task_A,602
602,task_A,603
603,task_A,604
604,task_A,605
605,task_A,606
606,task_A,607
607,task_A,608
608,task_A,609
609,task_A,610
610,task_A,611
611,task_A,612
612,task_A,613
613,task_A,614
614,task_A,615
615,task_A,616
616,task_A,617
617,task_A,618
618,task_A,619
619,task_A,620
620,task_A,621
621,task_A,622
622,task_A,623
623,task_A,624
624,task_A,625
625,task_A,626
626,task_A,627
627,task_A,628
628,task_A,629
629,task_A,630
630,task_A,631
631,task_A,632
632,task_A,633
633,task_A,634
634,task_A,635
635,task_A,636
636,task_A,637
637,task_A,638
638,task_A,639
639,task_A,640
640,task_A,641
641,task_A,642
642,task_A,643
643,task_A,644
644,task_A,645
645,task_A,646
646,task_A,647
647,task_A,648
648,task_A,649
649,task_A,650
650,task_A,651
651,task_A,652
652,task_A,653
653,task_A,654
654,task_A,655
655,task_A,656
656,task_A,657
657,task_A,658
658,task_A,659
659,task_A,660
660,task_A,661
661,task_A,662
662,task_A,663
663,task_A,664
664,task_A,665
665,task_A,666
666,task_A,667
667,task_A,668
668,task_A,669
669,task_A,670
670,task_A,671
671,task_A,672
672,task_A,673
673,task_A,674
674,task_A,675
675,task_A,676
676,task_A,677
677,task_A,678
678,task_A,679
679,task_A,680
680,task_A,681
681,task_A,682
682,task_A,683
683,task_A,684
684,task_A,685
685,task_A,686
686,task_A,687
687,task_A,688
688,task_A,689
689,task_A,690
690,task_A,691
691,task_A,692
692,task_A,693
693,task_A,694
694,task_A,695
695,task_A,696
696,task_A,697
697,task_A,698
698,task_A,699
699,task_A,700
700,task_A,701
701,task_A,702
702,task_A,703
703,task_A,704
704,task_A,705
705,task_A,706
706,task_A,707
707,task_A,708
708,task_A,709
709,task_A,710
710,task_A,711
711,task_A,712
712,task_A,713
713,task_A,714
714,task_A,715
715,task_A,716
716,task_A,717
717,task_A,718
718,task_A,719
719,task_A,720
720,task_A,721
721,task_A,722
722,task_A,723
723,task_A,724
724,task_A,725
725,task_A,726
726,task_A,727
727,task_A,728
728,task_A,729
729,task_A,730
730,task_A,731
731,task_A,732
732,task_A,733
733,task_A,734
734,task_A,735
735,task_A,736
736,task_A,737
737,task_A,738
738,task_A,739
739,task_A,740
740,task_A,741
741,task_A,742
742,task_A,743
743,task_A,744
744,task_A,745
745,task_A,746
746,task_A,747
747,task_A,748
748,task_A,749
749,task_A,750
750,task_A,751
751,task_A,752
752,task_A,753
753,task_A,754
754,task_A,755
755,task_A,756
756,task_A,757
757,task_A,758
758,task_A,759
759,task_A,760
760,task_A,761
761,task_A,762
762,task_A,763
763,task_A,764
764,task_A,765
765,task_A,766
766,task_A,767
767,task_A,768
768,task_A,769
769,task_A,770
770,task_A,771
771,task_A,772
772,task_A,773
773,task_A,774
774,task_A,775
775,task_A,776
776,task_A,777
777,task_A,778
778,task_A,779
779,task_A,780
780,task_A,781
781,task_A,782
782,task_A,783
783,task_A,784
784,task_A,785
785,task_A,786
786,task_A,787
787,task_A,788
788,task_A,789
789,task_A,790
790,task_A,791
791,task_A,792
792,task_A,793
793,task_A,794
794,task_A,795
795,task_A,796
796,task_A,797
797,task_A,798
798,task_A,799
799,task_A,800
800,task_A,801
801,task_A,802
802,task_A,803
803,task_A,804
804,task_A,805
805,task_A,806
806,task_A,807
807,task_A,808
808,task_A,809
809,task_A,810
810,task_A,811
811,task_A,812
812,task_A,813
813,task_A,814
814,task_A,815
815,task_A,816
816,task_A,817
817,task_A,818
818,task_A,819
819,task_A,820
820,task_A,821
821,task_A,822
822,task_A,823
823,task_A,824
824,task_A,825
825,task_A,826
826,task_A,827
827,task_A,828
828,task_A,829
829,task_A,830
830,task_A,831
831,task_A,832
832,task_A,833
833,task_A,834
834,task_A,835
835,task_A,836
836,task_A,837
837,task_A,838
838,task_A,839
839,task_A,840
840,task_A,841
841,task_A,842
842,task_A,843
843,task_A,844
844,task_A,845
845,task_A,846
846,task_A,847
847,task_A,848
848,task_A,849
849,task_A,850
850,task_A,851
851,task_A,852
852,task_A,853
853,task_A,854
854,task_A,855
855,task_A,856
856,task_A,857
857,task_A,858
858,task_A,859
859,task_A,860
860,task_A,861
861,task_A,862
862,task_A,863
863,task_A,864
864,task_A,865
865,task_A,866
866,task_A,867
867,task_A,868
868,task_A,869
869,task_A,870
870,task_A,871
871,task_A,872
872,task_A,873
873,task_A,874
874,task_A,875
875,task_A,876
876,task_A,877
877,task_A,878
878,task_A,879
879,task_A,880
880,task_A,881
881,task_A,882
882,task_A,883
883,task_A,884
884,task_A,885
885,task_A,886
886,task_A,887
887,task_A,888
888,task_A,889
889,task_A,890
890,task_A,891
891,task_A,892
892,task_A,893
893,task_A,894
894,task_A,895
895,task_A,896
896,task_A,897
897,task_A,898
898,task_A,899
899,task_A,900
900,task_A,901
901,task_A,902
902,task_A,903
903,task_A,904
904,task_A,905
905,task_A,906
906,task_A,907
907,task_A,908
908,task_A,909
909,task_A,910
910,task_A,911
911,task_A,912
912,task_A,913
913,task_A,914
914,task_A,915
915,task_A,916
916,task_A,917
917,task_A,918
918,task_A,919
919,task_A,920
920,task_A,921
921,task_A,922
922,task_A,923
923,task_A,924
924,task_A,925
925,task_A,926
926,task_A,927
927,task_A,928
928,task_A,929
929,task_A,930
930,task_A,931
931,task_A,932
932,task_A,933
933,task_A,934
934,task_A,935
935,task_A,936
936,task_A,937
937,task_A,938
938,task_A,939
939,task_A,940
940,task_A,941
941,task_A,942
942,task_A,943
943,task_A,944
944,task_A,945
945,task_A,946
946,task_A,947
947,task_A,948
948,task_A,949
949,task_A,950
950,task_A,951
951,task_A,952
952,task_A,953
953,task_A,954
954,task_A,955
955,task_A,956
956,task_A,957
957,task_A,958
958,task_A,959
959,task_A,960
960,task_A,961
961,task_A,962
962,task_A,963
963,task_A,964
964,task_A,965
965,task_A,966
966,task_A,967
967,task_A,968
968,task_A,969
969,task_A,970
970,task_A,971
971,task_A,972
972,task_A,973
973,task_A,974
974,task_A,975
975,task_A,976
976,task_A,977
977,task_A,978
978,task_A,979
979,task_A,980
980,task_A,981
981,task_A,982
982,task_A,983
983,task_A,984
984,task_A,985
985,task_A,986
986,task_A,987
987,task_A,988
988,task_A,989
989,task_A,990
990,task_A,991
991,task_A,992
992,task_A,993
993,task_A,994
994,task_A,995
995,task_A,996
996,task_A,997
997,task_A,998
998,task_A,999
999,task_A,1000
1000,task_B,1
1001,task_B,2
1002,task_B,3
1003,task_B,4
1004,task_B,5
1005,task_B,6
1006,task_B,7
1007,task_B,8
1008,task_B,9
1009,task_B,10
1010,task_B,11
1011,task_B,12
1012,task_B,13
1013,task_B,14
1014,task_B,15
1015,task_B,16
1016,task_B,17
1017,task_B,18
1018,task_B,19
1019,task_B,20
1020,task_B,21
1021,task_B,22
1022,task_B,23
1023,task_B,24
1024,task_B,25
1025,task_B,26
1026,task_B,27
1027,task_B,28
1028,task_B,29
1029,task_B,30
1030,task_B,31
1031,task_B,32
1032,task_B,33
1033,task_B,34
1034,task_B,35
1035,task_B,36
1036,task_B,37
1037,task_B,38
1038,task_B,39
1039,task_B,40
1040,task_B,41
1041,task_B,42
1042,task_B,43
1043,task_B,44
1044,task_B,45
1045,task_B,46
1046,task_B,47
1047,task_B,48
1048,task_B,49
1049,task_B,50
1050,task_B,51
1051,task_B,52
1052,task_B,53
1053,task_B,54
1054,task_B,55
1055,task_B,56
1056,task_B,57
1057,task_B,58
1058,task_B,59
1059,task_B,60
1060,task_B,61
1061,task_B,62
1062,task_B,63
1063,task_B,64
1064,task_B,65
1065,task_B,66
1066,task_B,67
1067,task_B,68
1068,task_B,69
1069,task_B,70
1070,task_B,71
1071,task_B,72
1072,task_B,73
1073,task_B,74
1074,task_B,75
1075,task_B,76
1076,task_B,77
1077,task_B,78
1078,task_B,79
1079,task_B,80
1080,task_B,81
1081,task_B,82
1082,task_B,83
1083,task_B,84
1084,task_B,85
1085,task_B,86
1086,task_B,87
1087,task_B,88
1088,task_B,89
1089,task_B,90
1090,task_B,91
1091,task_B,92
1092,task_B,93
1093,task_B,94
1094,task_B,95
1095,task_B,96
1096,task_B,97
1097,task_B,98
1098,task_B,99
1099,task_B,100
1100,task_B,101
1101,task_B,102
1102,task_B,103
1103,task_B,104
1104,task_B,105
1105,task_B,106
1106,task_B,107
1107,task_B,108
1108,task_B,109
1109,task_B,110
1110,task_B,111
1111,task_B,112
1112,task_B,113
1113,task_B,114
1114,task_B,115
1115,task_B,116
1116,task_B,117
1117,task_B,118
1118,task_B,119
1119,task_B,120
1120,task_B,121
1121,task_B,122
1122,task_B,123
1123,task_B,124
1124,task_B,125
1125,task_B,126
1126,task_B,127
1127,task_B,128
1128,task_B,129
1129,task_B,130
1130,task_B,131
1131,task_B,132
1132,task_B,133
1133,task_B,134
1134,task_B,135
1135,task_B,136
1136,task_B,137
1137,task_B,138
1138,task_B,139
1139,task_B,140
1140,task_B,141
1141,task_B,142
1142,task_B,143
1143,task_B,144
1144,task_B,145
1145,task_B,146
1146,task_B,147
1147,task_B,148
1148,task_B,149
1149,task_B,150
1150,task_B,151
1151,task_B,152
1152,task_B,153
1153,task_B,154
1154,task_B,155
1155,task_B,156
1156,task_B,157
1157,task_B,158
1158,task_B,159
1159,task_B,160
1160,task_B,161
1161,task_B,162
1162,task_B,163
1163,task_B,164
1164,task_B,165
1165,task_B,166
1166,task_B,167
1167,task_B,168
1168,task_B,169
1169,task_B,170
1170,task_B,171
1171,task_B,172
1172,task_B,173
1173,task_B,174
1174,task_B,175
1175,task_B,176
1176,task_B,177
1177,task_B,178
1178,task_B,179
1179,task_B,180
1180,task_B,181
1181,task_B,182
1182,task_B,183
1183,task_B,184
1184,task_B,185
1185,task_B,186
1186,task_B,187
1187,task_B,188
1188,task_B,189
1189,task_B,190
1190,task_B,191
1191,task_B,192
1192,task_B,193
1193,task_B,194
1194,task_B,195
1195,task_B,196
1196,task_B,197
1197,task_B,198
1198,task_B,199
1199,task_B,200
1200,task_B,201
1201,task_B,202
1202,task_B,203
1203,task_B,204
1204,task_B,205
1205,task_B,206
1206,task_B,207
1207,task_B,208
1208,task_B,209
1209,task_B,210
1210,task_B,211
1211,task_B,212
1212,task_B,213
1213,task_B,214
1214,task_B,215
1215,task_B,216
1216,task_B,217
1217,task_B,218
1218,task_B,219
1219,task_B,220
1220,task_B,221
1221,task_B,222
1222,task_B,223
1223,task_B,224
1224,task_B,225
1225,task_B,226
1226,task_B,227
1227,task_B,228
1228,task_B,229
1229,task_B,230
1230,task_B,231
1231,task_B,232
1232,task_B,233
1233,task_B,234
1234,task_B,235
1235,task_B,236
1236,task_B,237
1237,task_B,238
1238,task_B,239
1239,task_B,240
1240,task_B,241
1241,task_B,242
1242,task_B,243
1243,task_B,244
1244,task_B,245
1245,task_B,246
1246,task_B,247
1247,task_B,248
1248,task_B,249
1249,task_B,250
1250,task_B,251
1251,task_B,252
1252,task_B,253
1253,task_B,254
1254,task_B,255
1255,task_B,256
1256,task_B,257
1257,task_B,258
1258,task_B,259
1259,task_B,260
1260,task_B,261
1261,task_B,262
1262,task_B,263
1263,task_B,264
1264,task_B,265
1265,task_B,266
1266,task_B,267
1267,task_B,268
1268,task_B,269
1269,task_B,270
1270,task_B,271
1271,task_B,272
1272,task_B,273
1273,task_B,274
1274,task_B,275
1275,task_B,276
1276,task_B,277
1277,task_B,278
1278,task_B,279
1279,task_B,280
1280,task_B,281
1281,task_B,282
1282,task_B,283
1283,task_B,284
1284,task_B,285
1285,task_B,286
1286,task_B,287
1287,task_B,288
1288,task_B,289
1289,task_B,290
1290,task_B,291
1291,task_B,292
1292,task_B,293
1293,task_B,294
1294,task_B,295
1295,task_B,296
1296,task_B,297
1297,task_B,298
1298,task_B,299
1299,task_B,300
1300,task_B,301
1301,task_B,302
1302,task_B,303
1303,task_B,304
1304,task_B,305
1305,task_B,306
1306,task_B,307
1307,task_B,308
1308,task_B,309
1309,task_B,310
1310,task_B,311
1311,task_B,312
1312,task_B,313
1313,task_B,314
1314,task_B,315
1315,task_B,316
1316,task_B,317
1317,task_B,318
1318,task_B,319
1319,task_B,320
1320,task_B,321
1321,task_B,322
1322,task_B,323
1323,task_B,324
1324,task_B,325
1325,task_B,326
1326,task_B,327
1327,task_B,328
1328,task_B,329
1329,task_B,330
1330,task_B,331
1331,task_B,332
1332,task_B,333
1333,task_B,334
1334,task_B,335
1335,task_B,336
1336,task_B,337
1337,task_B,338
1338,task_B,339
1339,task_B,340
1340,task_B,341
1341,task_B,342
1342,task_B,343
1343,task_B,344
1344,task_B,345
1345,task_B,346
1346,task_B,347
1347,task_B,348
1348,task_B,349
1349,task_B,350
1350,task_B,351
1351,task_B,352
1352,task_B,353
1353,task_B,354
1354,task_B,355
1355,task_B,356
1356,task_B,357
1357,task_B,358
1358,task_B,359
1359,task_B,360
1360,task_B,361
1361,task_B,362
1362,task_B,363
1363,task_B,364
1364,task_B,365
1365,task_B,366
1366,task_B,367
1367,task_B,368
1368,task_B,369
1369,task_B,370
1370,task_B,371
1371,task_B,372
1372,task_B,373
1373,task_B,374
1374,task_B,375
1375,task_B,376
1376,task_B,377
1377,task_B,378
1378,task_B,379
1379,task_B,380
1380,task_B,381
1381,task_B,382
1382,task_B,383
1383,task_B,384
1384,task_B,385
1385,task_B,386
1386,task_B,387
1387,task_B,388
1388,task_B,389
1389,task_B,390
1390,task_B,391
1391,task_B,392
1392,task_B,393
1393,task_B,394
1394,task_B,395
1395,task_B,396
1396,task_B,397
1397,task_B,398
1398,task_B,399
1399,task_B,400
1400,task_B,401
1401,task_B,402
1402,task_B,403
1403,task_B,404
1404,task_B,405
1405,task_B,406
1406,task_B,407
1407,task_B,408
1408,task_B,409
1409,task_B,410
1410,task_B,411
1411,task_B,412
1412,task_B,413
1413,task_B,414
1414,task_B,415
1415,task_B,416
1416,task_B,417
1417,task_B,418
1418,task_B,419
1419,task_B,420
1420,task_B,421
1421,task_B,422
1422,task_B,423
1423,task_B,424
1424,task_B,425
1425,task_B,426
1426,task_B,427
1427,task_B,428
1428,task_B,429
1429,task_B,430
1430,task_B,431
1431,task_B,432
1432,task_B,433
1433,task_B,434
1434,task_B,435
1435,task_B,436
1436,task_B,437
1437,task_B,438
1438,task_B,439
1439,task_B,440
1440,task_B,441
1441,task_B,442
1442,task_B,443
1443,task_B,444
1444,task_B,445
1445,task_B,446
1446,task_B,447
1447,task_B,448
1448,task_B,449
1449,task_B,450
1450,task_B,451
1451,task_B,452
1452,task_B,453
1453,task_B,454
1454,task_B,455
1455,task_B,456
1456,task_B,457
1457,task_B,458
1458,task_B,459
1459,task_B,460
1460,task_B,461
1461,task_B,462
1462,task_B,463
1463,task_B,464
1464,task_B,465
1465,task_B,466
1466,task_B,467
1467,task_B,468
1468,task_B,469
1469,task_B,470
1470,task_B,471
1471,task_B,472
1472,task_B,473
1473,task_B,474
1474,task_B,475
1475,task_B,476
1476,task_B,477
1477,task_B,478
1478,task_B,479
1479,task_B,480
1480,task_B,481
1481,task_B,482
1482,task_B,483
1483,task_B,484
1484,task_B,485
1485,task_B,486
1486,task_B,487
1487,task_B,488
1488,task_B,489
1489,task_B,490
1490,task_B,491
1491,task_B,492
1492,task_B,493
1493,task_B,494
1494,task_B,495
1495,task_B,496
1496,task_B,497
1497,task_B,498
1498,task_B,499
1499,task_B,500
1500,task_B,501
1501,task_B,502
1502,task_B,503
1503,task_B,504
1504,task_B,505
1505,task_B,506
1506,task_B,507
1507,task_B,508
1508,task_B,509
1509,task_B,510
1510,task_B,511
1511,task_B,512
1512,task_B,513
1513,task_B,514
1514,task_B,515
1515,task_B,516
1516,task_B,517
1517,task_B,518
1518,task_B,519
1519,task_B,520
1520,task_B,521
1521,task_B,522
1522,task_B,523
1523,task_B,524
1524,task_B,525
1525,task_B,526
1526,task_B,527
1527,task_B,528
1528,task_B,529
1529,task_B,530
1530,task_B,531
1531,task_B,532
1532,task_B,533
1533,task_B,534
1534,task_B,535
1535,task_B,536
1536,task_B,537
1537,task_B,538
1538,task_B,539
1539,task_B,540
1540,task_B,541
1541,task_B,542
1542,task_B,543
1543,task_B,544
1544,task_B,545
1545,task_B,546
1546,task_B,547
1547,task_B,548
1548,task_B,549
1549,task_B,550
1550,task_B,551
1551,task_B,552
1552,task_B,553
1553,task_B,554
1554,task_B,555
1555,task_B,556
1556,task_B,557
1557,task_B,558
1558,task_B,559
1559,task_B,560
1560,task_B,561
1561,task_B,562
1562,task_B,563
1563,task_B,564
1564,task_B,565
1565,task_B,566
1566,task_B,567
1567,task_B,568
1568,task_B,569
1569,task_B,570
1570,task_B,571
1571,task_B,572
1572,task_B,573
1573,task_B,574
1574,task_B,575
1575,task_B,576
1576,task_B,577
1577,task_B,578
1578,task_B,579
1579,task_B,580
1580,task_B,581
1581,task_B,582
1582,task_B,583
1583,task_B,584
1584,task_B,585
1585,task_B,586
1586,task_B,587
1587,task_B,588
1588,task_B,589
1589,task_B,590
1590,task_B,591
1591,task_B,592
1592,task_B,593
1593,task_B,594
1594,task_B,595
1595,task_B,596
1596,task_B,597
1597,task_B,598
1598,task_B,599
1599,task_B,600
1600,task_B,601
1601,task_B,602
1602,task_B,603
1603,task_B,604
1604,task_B,605
1605,task_B,606
1606,task_B,607
1607,task_B,608
1608,task_B,609
1609,task_B,610
1610,task_B,611
1611,task_B,612
1612,task_B,613
1613,task_B,614
1614,task_B,615
1615,task_B,616
1616,task_B,617
1617,task_B,618
1618,task_B,619
1619,task_B,620
1620,task_B,621
1621,task_B,622
1622,task_B,623
1623,task_B,624
1624,task_B,625
1625,task_B,626
1626,task_B,627
1627,task_B,628
1628,task_B,629
1629,task_B,630
1630,task_B,631
1631,task_B,632
1632,task_B,633
1633,task_B,634
1634,task_B,635
1635,task_B,636
1636,task_B,637
1637,task_B,638
1638,task_B,639
1639,task_B,640
1640,task_B,641
1641,task_B,642
1642,task_B,643
1643,task_B,644
1644,task_B,645
1645,task_B,646
1646,task_B,647
1647,task_B,648
1648,task_B,649
1649,task_B,650
1650,task_B,651
1651,task_B,652
1652,task_B,653
1653,task_B,654
1654,task_B,655
1655,task_B,656
1656,task_B,657
1657,task_B,658
1658,task_B,659
1659,task_B,660
1660,task_B,661
1661,task_B,662
1662,task_B,663
1663,task_B,664
1664,task_B,665
1665,task_B,666
1666,task_B,667
1667,task_B,668
1668,task_B,669
1669,task_B,670
1670,task_B,671
1671,task_B,672
1672,task_B,673
1673,task_B,674
1674,task_B,675
1675,task_B,676
1676,task_B,677
1677,task_B,678
1678,task_B,679
1679,task_B,680
1680,task_B,681
1681,task_B,682
1682,task_B,683
1683,task_B,684
1684,task_B,685
1685,task_B,686
1686,task_B,687
1687,task_B,688
1688,task_B,689
1689,task_B,690
1690,task_B,691
1691,task_B,692
1692,task_B,693
1693,task_B,694
1694,task_B,695
1695,task_B,696
1696,task_B,697
1697,task_B,698
1698,task_B,699
1699,task_B,700
1700,task_B,701
1701,task_B,702
1702,task_B,703
1703,task_B,704
1704,task_B,705
1705,task_B,706
1706,task_B,707
1707,task_B,708
1708,task_B,709
1709,task_B,710
1710,task_B,711
1711,task_B,712
1712,task_B,713
1713,task_B,714
1714,task_B,715
1715,task_B,716
1716,task_B,717
1717,task_B,718
1718,task_B,719
1719,task_B,720
1720,task_B,721
1721,task_B,722
1722,task_B,723
1723,task_B,724
1724,task_B,725
1725,task_B,726
1726,task_B,727
1727,task_B,728
1728,task_B,729
1729,task_B,730
1730,task_B,731
1731,task_B,732
1732,task_B,733
1733,task_B,734
1734,task_B,735
1735,task_B,736
1736,task_B,737
1737,task_B,738
1738,task_B,739
1739,task_B,740
1740,task_B,741
1741,task_B,742
1742,task_B,743
1743,task_B,744
1744,task_B,745
1745,task_B,746
1746,task_B,747
1747,task_B,748
1748,task_B,749
1749,task_B,750
1750,task_B,751
1751,task_B,752
1752,task_B,753
1753,task_B,754
1754,task_B,755
1755,task_B,756
1756,task_B,757
1757,task_B,758
1758,task_B,759
1759,task_B,760
1760,task_B,761
1761,task_B,762
1762,task_B,763
1763,task_B,764
1764,task_B,765
1765,task_B,766
1766,task_B,767
1767,task_B,768
1768,task_B,769
1769,task_B,770
1770,task_B,771
1771,task_B,772
1772,task_B,773
1773,task_B,774
1774,task_B,775
1775,task_B,776
1776,task_B,777
1777,task_B,778
1778,task_B,779
1779,task_B,780
1780,task_B,781
1781,task_B,782
1782,task_B,783
1783,task_B,784
1784,task_B,785
1785,task_B,786
1786,task_B,787
1787,task_B,788
1788,task_B,789
1789,task_B,790
1790,task_B,791
1791,task_B,792
1792,task_B,793
1793,task_B,794
1794,task_B,795
1795,task_B,796
1796,task_B,797
1797,task_B,798
1798,task_B,799
1799,task_B,800
1800,task_B,801
1801,task_B,802
1802,task_B,803
1803,task_B,804
1804,task_B,805
1805,task_B,806
1806,task_B,807
1807,task_B,808
1808,task_B,809
1809,task_B,810
1810,task_B,811
1811,task_B,812
1812,task_B,813
1813,task_B,814
1814,task_B,815
1815,task_B,816
1816,task_B,817
1817,task_B,818
1818,task_B,819
1819,task_B,820
1820,task_B,821
1821,task_B,822
1822,task_B,823
1823,task_B,824
1824,task_B,825
1825,task_B,826
1826,task_B,827
1827,task_B,828
1828,task_B,829
1829,task_B,830
1830,task_B,831
1831,task_B,832
1832,task_B,833
1833,task_B,834
1834,task_B,835
1835,task_B,836
1836,task_B,837
1837,task_B,838
1838,task_B,839
1839,task_B,840
1840,task_B,841
1841,task_B,842
1842,task_B,843
1843,task_B,844
1844,task_B,845
1845,task_B,846
1846,task_B,847
1847,task_B,848
1848,task_B,849
1849,task_B,850
1850,task_B,851
1851,task_B,852
1852,task_B,853
1853,task_B,854
1854,task_B,855
1855,task_B,856
1856,task_B,857
1857,task_B,858
1858,task_B,859
1859,task_B,860
1860,task_B,861
1861,task_B,862
1862,task_B,863
1863,task_B,864
1864,task_B,865
1865,task_B,866
1866,task_B,867
1867,task_B,868
1868,task_B,869
1869,task_B,870
1870,task_B,871
1871,task_B,872
1872,task_B,873
1873,task_B,874
1874,task_B,875
1875,task_B,876
1876,task_B,877
1877,task_B,878
1878,task_B,879
1879,task_B,880
1880,task_B,881
1881,task_B,882
1882,task_B,883
1883,task_B,884
1884,task_B,885
1885,task_B,886
1886,task_B,887
1887,task_B,888
1888,task_B,889
1889,task_B,890
1890,task_B,891
1891,task_B,892
1892,task_B,893
1893,task_B,894
1894,task_B,895
1895,task_B,896
1896,task_B,897
1897,task_B,898
1898,task_B,899
1899,task_B,900
1900,task_B,901
1901,task_B,902
1902,task_B,903
1903,task_B,904
1904,task_B,905
1905,task_B,906
1906,task_B,907
1907,task_B,908
1908,task_B,909
1909,task_B,910
1910,task_B,911
1911,task_B,912
1912,task_B,913
1913,task_B,914
1914,task_B,915
1915,task_B,916
1916,task_B,917
1917,task_B,918
1918,task_B,919
1919,task_B,920
1920,task_B,921
1921,task_B,922
1922,task_B,923
1923,task_B,924
1924,task_B,925
1925,task_B,926
1926,task_B,927
1927,task_B,928
1928,task_B,929
1929,task_B,930
1930,task_B,931
1931,task_B,932
1932,task_B,933
1933,task_B,934
1934,task_B,935
1935,task_B,936
1936,task_B,937
1937,task_B,938
1938,task_B,939
1939,task_B,940
1940,task_B,941
1941,task_B,942
1942,task_B,943
1943,task_B,944
1944,task_B,945
1945,task_B,946
1946,task_B,947
1947,task_B,948
1948,task_B,949
1949,task_B,950
1950,task_B,951
1951,task_B,952
1952,task_B,953
1953,task_B,954
1954,task_B,955
1955,task_B,956
1956,task_B,957
1957,task_B,958
1958,task_B,959
1959,task_B,960
1960,task_B,961
1961,task_B,962
1962,task_B,963
1963,task_B,964
1964,task_B,965
1965,task_B,966
1966,task_B,967
1967,task_B,968
1968,task_B,969
1969,task_B,970
1970,task_B,971
1971,task_B,972
1972,task_B,973
1973,task_B,974
1974,task_B,975
1975,task_B,976
1976,task_B,977
1977,task_B,978
1978,task_B,979
1979,task_B,980
1980,task_B,981
1981,task_B,982
1982,task_B,983
1983,task_B,984
1984,task_B,985
1985,task_B,986
1986,task_B,987
1987,task_B,988
1988,task_B,989
1989,task_B,990
1990,task_B,991
1991,task_B,992
1992,task_B,993
1993,task_B,994
1994,task_B,995
1995,task_B,996
1996,task_B,997
1997,task_B,998
1998,task_B,999
1999,task_B,1000
2000,task_C,1
2001,task_C,2
2002,task_C,3
2003,task_C,4
2004,task_C,5
2005,task_C,6
2006,task_C,7
2007,task_C,8
2008,task_C,9
2009,task_C,10
2010,task_C,11
2011,task_C,12
2012,task_C,13
2013,task_C,14
2014,task_C,15
2015,task_C,16
2016,task_C,17
2017,task_C,18
2018,task_C,19
2019,task_C,20
2020,task_C,21
2021,task_C,22
2022,task_C,23
2023,task_C,24
2024,task_C,25
2025,task_C,26
2026,task_C,27
2027,task_C,28
2028,task_C,29
2029,task_C,30
2030,task_C,31
2031,task_C,32
2032,task_C,33
2033,task_C,34
2034,task_C,35
2035,task_C,36
2036,task_C,37
2037,task_C,38
2038,task_C,39
2039,task_C,40
2040,task_C,41
2041,task_C,42
2042,task_C,43
2043,task_C,44
2044,task_C,45
2045,task_C,46
2046,task_C,47
2047,task_C,48
2048,task_C,49
2049,task_C,50
2050,task_C,51
2051,task_C,52
2052,task_C,53
2053,task_C,54
2054,task_C,55
2055,task_C,56
2056,task_C,57
2057,task_C,58
2058,task_C,59
2059,task_C,60
2060,task_C,61
2061,task_C,62
2062,task_C,63
2063,task_C,64
2064,task_C,65
2065,task_C,66
2066,task_C,67
2067,task_C,68
2068,task_C,69
2069,task_C,70
2070,task_C,71
2071,task_C,72
2072,task_C,73
2073,task_C,74
2074,task_C,75
2075,task_C,76
2076,task_C,77
2077,task_C,78
2078,task_C,79
2079,task_C,80
2080,task_C,81
2081,task_C,82
2082,task_C,83
2083,task_C,84
2084,task_C,85
2085,task_C,86
2086,task_C,87
2087,task_C,88
2088,task_C,89
2089,task_C,90
2090,task_C,91
2091,task_C,92
2092,task_C,93
2093,task_C,94
2094,task_C,95
2095,task_C,96
2096,task_C,97
2097,task_C,98
2098,task_C,99
2099,task_C,100
2100,task_C,101
2101,task_C,102
2102,task_C,103
2103,task_C,104
2104,task_C,105
2105,task_C,106
2106,task_C,107
2107,task_C,108
2108,task_C,109
2109,task_C,110
2110,task_C,111
2111,task_C,112
2112,task_C,113
2113,task_C,114
2114,task_C,115
2115,task_C,116
2116,task_C,117
2117,task_C,118
2118,task_C,119
2119,task_C,120
2120,task_C,121
2121,task_C,122
2122,task_C,123
2123,task_C,124
2124,task_C,125
2125,task_C,126
2126,task_C,127
2127,task_C,128
2128,task_C,129
2129,task_C,130
2130,task_C,131
2131,task_C,132
2132,task_C,133
2133,task_C,134
2134,task_C,135
2135,task_C,136
2136,task_C,137
2137,task_C,138
2138,task_C,139
2139,task_C,140
2140,task_C,141
2141,task_C,142
2142,task_C,143
2143,task_C,144
2144,task_C,145
2145,task_C,146
2146,task_C,147
2147,task_C,148
2148,task_C,149
2149,task_C,150
2150,task_C,151
2151,task_C,152
2152,task_C,153
2153,task_C,154
2154,task_C,155
2155,task_C,156
2156,task_C,157
2157,task_C,158
2158,task_C,159
2159,task_C,160
2160,task_C,161
2161,task_C,162
2162,task_C,163
2163,task_C,164
2164,task_C,165
2165,task_C,166
2166,task_C,167
2167,task_C,168
2168,task_C,169
2169,task_C,170
2170,task_C,171
2171,task_C,172
2172,task_C,173
2173,task_C,174
2174,task_C,175
2175,task_C,176
2176,task_C,177
2177,task_C,178
2178,task_C,179
2179,task_C,180
2180,task_C,181
2181,task_C,182
2182,task_C,183
2183,task_C,184
2184,task_C,185
2185,task_C,186
2186,task_C,187
2187,task_C,188
2188,task_C,189
2189,task_C,190
2190,task_C,191
2191,task_C,192
2192,task_C,193
2193,task_C,194
2194,task_C,195
2195,task_C,196
2196,task_C,197
2197,task_C,198
2198,task_C,199
2199,task_C,200
2200,task_C,201
2201,task_C,202
2202,task_C,203
2203,task_C,204
2204,task_C,205
2205,task_C,206
2206,task_C,207
2207,task_C,208
2208,task_C,209
2209,task_C,210
2210,task_C,211
2211,task_C,212
2212,task_C,213
2213,task_C,214
2214,task_C,215
2215,task_C,216
2216,task_C,217
2217,task_C,218
2218,task_C,219
2219,task_C,220
2220,task_C,221
2221,task_C,222
2222,task_C,223
2223,task_C,224
2224,task_C,225
2225,task_C,226
2226,task_C,227
2227,task_C,228
2228,task_C,229
2229,task_C,230
2230,task_C,231
2231,task_C,232
2232,task_C,233
2233,task_C,234
2234,task_C,235
2235,task_C,236
2236,task_C,237
2237,task_C,238
2238,task_C,239
2239,task_C,240
2240,task_C,241
2241,task_C,242
2242,task_C,243
2243,task_C,244
2244,task_C,245
2245,task_C,246
2246,task_C,247
2247,task_C,248
2248,task_C,249
2249,task_C,250
2250,task_C,251
2251,task_C,252
2252,task_C,253
2253,task_C,254
2254,task_C,255
2255,task_C,256
2256,task_C,257
2257,task_C,258
2258,task_C,259
2259,task_C,260
2260,task_C,261
2261,task_C,262
2262,task_C,263
2263,task_C,264
2264,task_C,265
2265,task_C,266
2266,task_C,267
2267,task_C,268
2268,task_C,269
2269,task_C,270
2270,task_C,271
2271,task_C,272
2272,task_C,273
2273,task_C,274
2274,task_C,275
2275,task_C,276
2276,task_C,277
2277,task_C,278
2278,task_C,279
2279,task_C,280
2280,task_C,281
2281,task_C,282
2282,task_C,283
2283,task_C,284
2284,task_C,285
2285,task_C,286
2286,task_C,287
2287,task_C,288
2288,task_C,289
2289,task_C,290
2290,task_C,291
2291,task_C,292
2292,task_C,293
2293,task_C,294
2294,task_C,295
2295,task_C,296
2296,task_C,297
2297,task_C,298
2298,task_C,299
2299,task_C,300
2300,task_C,301
2301,task_C,302
2302,task_C,303
2303,task_C,304
2304,task_C,305
2305,task_C,306
2306,task_C,307
2307,task_C,308
2308,task_C,309
2309,task_C,310
2310,task_C,311
2311,task_C,312
2312,task_C,313
2313,task_C,314
2314,task_C,315
2315,task_C,316
2316,task_C,317
2317,task_C,318
2318,task_C,319
2319,task_C,320
2320,task_C,321
2321,task_C,322
2322,task_C,323
2323,task_C,324
2324,task_C,325
2325,task_C,326
2326,task_C,327
2327,task_C,328
2328,task_C,329
2329,task_C,330
2330,task_C,331
2331,task_C,332
2332,task_C,333
2333,task_C,334
2334,task_C,335
2335,task_C,336
2336,task_C,337
2337,task_C,338
2338,task_C,339
2339,task_C,340
2340,task_C,341
2341,task_C,342
2342,task_C,343
2343,task_C,344
2344,task_C,345
2345,task_C,346
2346,task_C,347
2347,task_C,348
2348,task_C,349
2349,task_C,350
2350,task_C,351
2351,task_C,352
2352,task_C,353
2353,task_C,354
2354,task_C,355
2355,task_C,356
2356,task_C,357
2357,task_C,358
2358,task_C,359
2359,task_C,360
2360,task_C,361
2361,task_C,362
2362,task_C,363
2363,task_C,364
2364,task_C,365
2365,task_C,366
2366,task_C,367
2367,task_C,368
2368,task_C,369
2369,task_C,370
2370,task_C,371
2371,task_C,372
2372,task_C,373
2373,task_C,374
2374,task_C,375
2375,task_C,376
2376,task_C,377
2377,task_C,378
2378,task_C,379
2379,task_C,380
2380,task_C,381
2381,task_C,382
2382,task_C,383
2383,task_C,384
2384,task_C,385
2385,task_C,386
2386,task_C,387
2387,task_C,388
2388,task_C,389
2389,task_C,390
2390,task_C,391
2391,task_C,392
2392,task_C,393
2393,task_C,394
2394,task_C,395
2395,task_C,396
2396,task_C,397
2397,task_C,398
2398,task_C,399
2399,task_C,400
2400,task_C,401
2401,task_C,402
2402,task_C,403
2403,task_C,404
2404,task_C,405
2405,task_C,406
2406,task_C,407
2407,task_C,408
2408,task_C,409
2409,task_C,410
2410,task_C,411
2411,task_C,412
2412,task_C,413
2413,task_C,414
2414,task_C,415
2415,task_C,416
2416,task_C,417
2417,task_C,418
2418,task_C,419
2419,task_C,420
2420,task_C,421
2421,task_C,422
2422,task_C,423
2423,task_C,424
2424,task_C,425
2425,task_C,426
2426,task_C,427
2427,task_C,428
2428,task_C,429
2429,task_C,430
2430,task_C,431
2431,task_C,432
2432,task_C,433
2433,task_C,434
2434,task_C,435
2435,task_C,436
2436,task_C,437
2437,task_C,438
2438,task_C,439
2439,task_C,440
2440,task_C,441
2441,task_C,442
2442,task_C,443
2443,task_C,444
2444,task_C,445
2445,task_C,446
2446,task_C,447
2447,task_C,448
2448,task_C,449
2449,task_C,450
2450,task_C,451
2451,task_C,452
2452,task_C,453
2453,task_C,454
2454,task_C,455
2455,task_C,456
2456,task_C,457
2457,task_C,458
2458,task_C,459
2459,task_C,460
2460,task_C,461
2461,task_C,462
2462,task_C,463
2463,task_C,464
2464,task_C,465
2465,task_C,466
2466,task_C,467
2467,task_C,468
2468,task_C,469
2469,task_C,470
2470,task_C,471
2471,task_C,472
2472,task_C,473
2473,task_C,474
2474,task_C,475
2475,task_C,476
2476,task_C,477
2477,task_C,478
2478,task_C,479
2479,task_C,480
2480,task_C,481
2481,task_C,482
2482,task_C,483
2483,task_C,484
2484,task_C,485
2485,task_C,486
2486,task_C,487
2487,task_C,488
2488,task_C,489
2489,task_C,490
2490,task_C,491
2491,task_C,492
2492,task_C,493
2493,task_C,494
2494,task_C,495
2495,task_C,496
2496,task_C,497
2497,task_C,498
2498,task_C,499
2499,task_C,500
2500,task_C,501
2501,task_C,502
2502,task_C,503
2503,task_C,504
2504,task_C,505
2505,task_C,506
2506,task_C,507
2507,task_C,508
2508,task_C,509
2509,task_C,510
2510,task_C,511
2511,task_C,512
2512,task_C,513
2513,task_C,514
2514,task_C,515
2515,task_C,516
2516,task_C,517
2517,task_C,518
2518,task_C,519
2519,task_C,520
2520,task_C,521
2521,task_C,522
2522,task_C,523
2523,task_C,524
2524,task_C,525
2525,task_C,526
2526,task_C,527
2527,task_C,528
2528,task_C,529
2529,task_C,530
2530,task_C,531
2531,task_C,532
2532,task_C,533
2533,task_C,534
2534,task_C,535
2535,task_C,536
2536,task_C,537
2537,task_C,538
2538,task_C,539
2539,task_C,540
2540,task_C,541
2541,task_C,542
2542,task_C,543
2543,task_C,544
2544,task_C,545
2545,task_C,546
2546,task_C,547
2547,task_C,548
2548,task_C,549
2549,task_C,550
2550,task_C,551
2551,task_C,552
2552,task_C,553
2553,task_C,554
2554,task_C,555
2555,task_C,556
2556,task_C,557
2557,task_C,558
2558,task_C,559
2559,task_C,560
2560,task_C,561
2561,task_C,562
2562,task_C,563
2563,task_C,564
2564,task_C,565
2565,task_C,566
2566,task_C,567
2567,task_C,568
2568,task_C,569
2569,task_C,570
2570,task_C,571
2571,task_C,572
2572,task_C,573
2573,task_C,574
2574,task_C,575
2575,task_C,576
2576,task_C,577
2577,task_C,578
2578,task_C,579
2579,task_C,580
2580,task_C,581
2581,task_C,582
2582,task_C,583
2583,task_C,584
2584,task_C,585
2585,task_C,586
2586,task_C,587
2587,task_C,588
2588,task_C,589
2589,task_C,590
2590,task_C,591
2591,task_C,592
2592,task_C,593
2593,task_C,594
2594,task_C,595
2595,task_C,596
2596,task_C,597
2597,task_C,598
2598,task_C,599
2599,task_C,600
2600,task_C,601
2601,task_C,602
2602,task_C,603
2603,task_C,604
2604,task_C,605
2605,task_C,606
2606,task_C,607
2607,task_C,608
2608,task_C,609
2609,task_C,610
2610,task_C,611
2611,task_C,612
2612,task_C,613
2613,task_C,614
2614,task_C,615
2615,task_C,616
2616,task_C,617
2617,task_C,618
2618,task_C,619
2619,task_C,620
2620,task_C,621
2621,task_C,622
2622,task_C,623
2623,task_C,624
2624,task_C,625
2625,task_C,626
2626,task_C,627
2627,task_C,628
2628,task_C,629
2629,task_C,630
2630,task_C,631
2631,task_C,632
2632,task_C,633
2633,task_C,634
2634,task_C,635
2635,task_C,636
2636,task_C,637
2637,task_C,638
2638,task_C,639
2639,task_C,640
2640,task_C,641
2641,task_C,642
2642,task_C,643
2643,task_C,644
2644,task_C,645
2645,task_C,646
2646,task_C,647
2647,task_C,648
2648,task_C,649
2649,task_C,650
2650,task_C,651
2651,task_C,652
2652,task_C,653
2653,task_C,654
2654,task_C,655
2655,task_C,656
2656,task_C,657
2657,task_C,658
2658,task_C,659
2659,task_C,660
2660,task_C,661
2661,task_C,662
2662,task_C,663
2663,task_C,664
2664,task_C,665
2665,task_C,666
2666,task_C,667
2667,task_C,668
2668,task_C,669
2669,task_C,670
2670,task_C,671
2671,task_C,672
2672,task_C,673
2673,task_C,674
2674,task_C,675
2675,task_C,676
2676,task_C,677
2677,task_C,678
2678,task_C,679
2679,task_C,680
2680,task_C,681
2681,task_C,682
2682,task_C,683
2683,task_C,684
2684,task_C,685
2685,task_C,686
2686,task_C,687
2687,task_C,688
2688,task_C,689
2689,task_C,690
2690,task_C,691
2691,task_C,692
2692,task_C,693
2693,task_C,694
2694,task_C,695
2695,task_C,696
2696,task_C,697
2697,task_C,698
2698,task_C,699
2699,task_C,700
2700,task_C,701
2701,task_C,702
2702,task_C,703
2703,task_C,704
2704,task_C,705
2705,task_C,706
2706,task_C,707
2707,task_C,708
2708,task_C,709
2709,task_C,710
2710,task_C,711
2711,task_C,712
2712,task_C,713
2713,task_C,714
2714,task_C,715
2715,task_C,716
2716,task_C,717
2717,task_C,718
2718,task_C,719
2719,task_C,720
2720,task_C,721
2721,task_C,722
2722,task_C,723
2723,task_C,724
2724,task_C,725
2725,task_C,726
2726,task_C,727
2727,task_C,728
2728,task_C,729
2729,task_C,730
2730,task_C,731
2731,task_C,732
2732,task_C,733
2733,task_C,734
2734,task_C,735
2735,task_C,736
2736,task_C,737
2737,task_C,738
2738,task_C,739
2739,task_C,740
2740,task_C,741
2741,task_C,742
2742,task_C,743
2743,task_C,744
2744,task_C,745
2745,task_C,746
2746,task_C,747
2747,task_C,748
2748,task_C,749
2749,task_C,750
2750,task_C,751
2751,task_C,752
2752,task_C,753
2753,task_C,754
2754,task_C,755
2755,task_C,756
2756,task_C,757
2757,task_C,758
2758,task_C,759
2759,task_C,760
2760,task_C,761
2761,task_C,762
2762,task_C,763
2763,task_C,764
2764,task_C,765
2765,task_C,766
2766,task_C,767
2767,task_C,768
2768,task_C,769
2769,task_C,770
2770,task_C,771
2771,task_C,772
2772,task_C,773
2773,task_C,774
2774,task_C,775
2775,task_C,776
2776,task_C,777
2777,task_C,778
2778,task_C,779
2779,task_C,780
2780,task_C,781
2781,task_C,782
2782,task_C,783
2783,task_C,784
2784,task_C,785
2785,task_C,786
2786,task_C,787
2787,task_C,788
2788,task_C,789
2789,task_C,790
2790,task_C,791
2791,task_C,792
2792,task_C,793
2793,task_C,794
2794,task_C,795
2795,task_C,796
2796,task_C,797
2797,task_C,798
2798,task_C,799
2799,task_C,800
2800,task_C,801
2801,task_C,802
2802,task_C,803
2803,task_C,804
2804,task_C,805
2805,task_C,806
2806,task_C,807
2807,task_C,808
2808,task_C,809
2809,task_C,810
2810,task_C,811
2811,task_C,812
2812,task_C,813
2813,task_C,814
2814,task_C,815
2815,task_C,816
2816,task_C,817
2817,task_C,818
2818,task_C,819
2819,task_C,820
2820,task_C,821
2821,task_C,822
2822,task_C,823
2823,task_C,824
2824,task_C,825
2825,task_C,826
2826,task_C,827
2827,task_C,828
2828,task_C,829
2829,task_C,830
2830,task_C,831
2831,task_C,832
2832,task_C,833
2833,task_C,834
2834,task_C,835
2835,task_C,836
2836,task_C,837
2837,task_C,838
2838,task_C,839
2839,task_C,840
2840,task_C,841
2841,task_C,842
2842,task_C,843
2843,task_C,844
2844,task_C,845
2845,task_C,846
2846,task_C,847
2847,task_C,848
2848,task_C,849
2849,task_C,850
2850,task_C,851
2851,task_C,852
2852,task_C,853
2853,task_C,854
2854,task_C,855
2855,task_C,856
2856,task_C,857
2857,task_C,858
2858,task_C,859
2859,task_C,860
2860,task_C,861
2861,task_C,862
2862,task_C,863
2863,task_C,864
2864,task_C,865
2865,task_C,866
2866,task_C,867
2867,task_C,868
2868,task_C,869
2869,task_C,870
2870,task_C,871
2871,task_C,872
2872,task_C,873
2873,task_C,874
2874,task_C,875
2875,task_C,876
2876,task_C,877
2877,task_C,878
2878,task_C,879
2879,task_C,880
2880,task_C,881
2881,task_C,882
2882,task_C,883
2883,task_C,884
2884,task_C,885
2885,task_C,886
2886,task_C,887
2887,task_C,888
2888,task_C,889
2889,task_C,890
2890,task_C,891
2891,task_C,892
2892,task_C,893
2893,task_C,894
2894,task_C,895
2895,task_C,896
2896,task_C,897
2897,task_C,898
2898,task_C,899
2899,task_C,900
2900,task_C,901
2901,task_C,902
2902,task_C,903
2903,task_C,904
2904,task_C,905
2905,task_C,906
2906,task_C,907
2907,task_C,908
2908,task_C,909
2909,task_C,910
2910,task_C,911
2911,task_C,912
2912,task_C,913
2913,task_C,914
2914,task_C,915
2915,task_C,916
2916,task_C,917
2917,task_C,918
2918,task_C,919
2919,task_C,920
2920,task_C,921
2921,task_C,922
2922,task_C,923
2923,task_C,924
2924,task_C,925
2925,task_C,926
2926,task_C,927
2927,task_C,928
2928,task_C,929
2929,task_C,930
2930,task_C,931
2931,task_C,932
2932,task_C,933
2933,task_C,934
2934,task_C,935
2935,task_C,936
2936,task_C,937
2937,task_C,938
2938,task_C,939
2939,task_C,940
2940,task_C,941
2941,task_C,942
2942,task_C,943
2943,task_C,944
2944,task_C,945
2945,task_C,946
2946,task_C,947
2947,task_C,948
2948,task_C,949
2949,task_C,950
2950,task_C,951
2951,task_C,952
2952,task_C,953
2953,task_C,954
2954,task_C,955
2955,task_C,956
2956,task_C,957
2957,task_C,958
2958,task_C,959
2959,task_C,960
2960,task_C,961
2961,task_C,962
2962,task_C,963
2963,task_C,964
2964,task_C,965
2965,task_C,966
2966,task_C,967
2967,task_C,968
2968,task_C,969
2969,task_C,970
2970,task_C,971
2971,task_C,972
2972,task_C,973
2973,task_C,974
2974,task_C,975
2975,task_C,976
2976,task_C,977
2977,task_C,978
2978,task_C,979
2979,task_C,980
2980,task_C,981
2981,task_C,982
2982,task_C,983
2983,task_C,984
2984,task_C,985
2985,task_C,986
2986,task_C,987
2987,task_C,988
2988,task_C,989
2989,task_C,990
2990,task_C,991
2991,task_C,992
2992,task_C,993
2993,task_C,994
2994,task_C,995
2995,task_C,996
2996,task_C,997
2997,task_C,998
2998,task_C,999
2999,task_C,1000
3000,task_D,1
3001,task_D,2
3002,task_D,3
3003,task_D,4
3004,task_D,5
3005,task_D,6
3006,task_D,7
3007,task_D,8
3008,task_D,9
3009,task_D,10
3010,task_D,11
3011,task_D,12
3012,task_D,13
3013,task_D,14
3014,task_D,15
3015,task_D,16
3016,task_D,17
3017,task_D,18
3018,task_D,19
3019,task_D,20
3020,task_D,21
3021,task_D,22
3022,task_D,23
3023,task_D,24
3024,task_D,25
3025,task_D,26
3026,task_D,27
3027,task_D,28
3028,task_D,29
3029,task_D,30
3030,task_D,31
3031,task_D,32
3032,task_D,33
3033,task_D,34
3034,task_D,35
3035,task_D,36
3036,task_D,37
3037,task_D,38
3038,task_D,39
3039,task_D,40
3040,task_D,41
3041,task_D,42
3042,task_D,43
3043,task_D,44
3044,task_D,45
3045,task_D,46
3046,task_D,47
3047,task_D,48
3048,task_D,49
3049,task_D,50
3050,task_D,51
3051,task_D,52
3052,task_D,53
3053,task_D,54
3054,task_D,55
3055,task_D,56
3056,task_D,57
3057,task_D,58
3058,task_D,59
3059,task_D,60
3060,task_D,61
3061,task_D,62
3062,task_D,63
3063,task_D,64
3064,task_D,65
3065,task_D,66
3066,task_D,67
3067,task_D,68
3068,task_D,69
3069,task_D,70
3070,task_D,71
3071,task_D,72
3072,task_D,73
3073,task_D,74
3074,task_D,75
3075,task_D,76
3076,task_D,77
3077,task_D,78
3078,task_D,79
3079,task_D,80
3080,task_D,81
3081,task_D,82
3082,task_D,83
3083,task_D,84
3084,task_D,85
3085,task_D,86
3086,task_D,87
3087,task_D,88
3088,task_D,89
3089,task_D,90
3090,task_D,91
3091,task_D,92
3092,task_D,93
3093,task_D,94
3094,task_D,95
3095,task_D,96
3096,task_D,97
3097,task_D,98
3098,task_D,99
3099,task_D,100
3100,task_D,101
3101,task_D,102
3102,task_D,103
3103,task_D,104
3104,task_D,105
3105,task_D,106
3106,task_D,107
3107,task_D,108
3108,task_D,109
3109,task_D,110
3110,task_D,111
3111,task_D,112
3112,task_D,113
3113,task_D,114
3114,task_D,115
3115,task_D,116
3116,task_D,117
3117,task_D,118
3118,task_D,119
3119,task_D,120
3120,task_D,121
3121,task_D,122
3122,task_D,123
3123,task_D,124
3124,task_D,125
3125,task_D,126
3126,task_D,127
3127,task_D,128
3128,task_D,129
3129,task_D,130
3130,task_D,131
3131,task_D,132
3132,task_D,133
3133,task_D,134
3134,task_D,135
3135,task_D,136
3136,task_D,137
3137,task_D,138
3138,task_D,139
3139,task_D,140
3140,task_D,141
3141,task_D,142
3142,task_D,143
3143,task_D,144
3144,task_D,145
3145,task_D,146
3146,task_D,147
3147,task_D,148
3148,task_D,149
3149,task_D,150
3150,task_D,151
3151,task_D,152
3152,task_D,153
3153,task_D,154
3154,task_D,155
3155,task_D,156
3156,task_D,157
3157,task_D,158
3158,task_D,159
3159,task_D,160
3160,task_D,161
3161,task_D,162
3162,task_D,163
3163,task_D,164
3164,task_D,165
3165,task_D,166
3166,task_D,167
3167,task_D,168
3168,task_D,169
3169,task_D,170
3170,task_D,171
3171,task_D,172
3172,task_D,173
3173,task_D,174
3174,task_D,175
3175,task_D,176
3176,task_D,177
3177,task_D,178
3178,task_D,179
3179,task_D,180
3180,task_D,181
3181,task_D,182
3182,task_D,183
3183,task_D,184
3184,task_D,185
3185,task_D,186
3186,task_D,187
3187,task_D,188
3188,task_D,189
3189,task_D,190
3190,task_D,191
3191,task_D,192
3192,task_D,193
3193,task_D,194
3194,task_D,195
3195,task_D,196
3196,task_D,197
3197,task_D,198
3198,task_D,199
3199,task_D,200
3200,task_D,201
3201,task_D,202
3202,task_D,203
3203,task_D,204
3204,task_D,205
3205,task_D,206
3206,task_D,207
3207,task_D,208
3208,task_D,209
3209,task_D,210
3210,task_D,211
3211,task_D,212
3212,task_D,213
3213,task_D,214
3214,task_D,215
3215,task_D,216
3216,task_D,217
3217,task_D,218
3218,task_D,219
3219,task_D,220
3220,task_D,221
3221,task_D,222
3222,task_D,223
3223,task_D,224
3224,task_D,225
3225,task_D,226
3226,task_D,227
3227,task_D,228
3228,task_D,229
3229,task_D,230
3230,task_D,231
3231,task_D,232
3232,task_D,233
3233,task_D,234
3234,task_D,235
3235,task_D,236
3236,task_D,237
3237,task_D,238
3238,task_D,239
3239,task_D,240
3240,task_D,241
3241,task_D,242
3242,task_D,243
3243,task_D,244
3244,task_D,245
3245,task_D,246
3246,task_D,247
3247,task_D,248
3248,task_D,249
3249,task_D,250
3250,task_D,251
3251,task_D,252
3252,task_D,253
3253,task_D,254
3254,task_D,255
3255,task_D,256
3256,task_D,257
3257,task_D,258
3258,task_D,259
3259,task_D,260
3260,task_D,261
3261,task_D,262
3262,task_D,263
3263,task_D,264
3264,task_D,265
3265,task_D,266
3266,task_D,267
3267,task_D,268
3268,task_D,269
3269,task_D,270
3270,task_D,271
3271,task_D,272
3272,task_D,273
3273,task_D,274
3274,task_D,275
3275,task_D,276
3276,task_D,277
3277,task_D,278
3278,task_D,279
3279,task_D,280
3280,task_D,281
3281,task_D,282
3282,task_D,283
3283,task_D,284
3284,task_D,285
3285,task_D,286
3286,task_D,287
3287,task_D,288
3288,task_D,289
3289,task_D,290
3290,task_D,291
3291,task_D,292
3292,task_D,293
3293,task_D,294
3294,task_D,295
3295,task_D,296
3296,task_D,297
3297,task_D,298
3298,task_D,299
3299,task_D,300
3300,task_D,301
3301,task_D,302
3302,task_D,303
3303,task_D,304
3304,task_D,305
3305,task_D,306
3306,task_D,307
3307,task_D,308
3308,task_D,309
3309,task_D,310
3310,task_D,311
3311,task_D,312
3312,task_D,313
3313,task_D,314
3314,task_D,315
3315,task_D,316
3316,task_D,317
3317,task_D,318
3318,task_D,319
3319,task_D,320
3320,task_D,321
3321,task_D,322
3322,task_D,323
3323,task_D,324
3324,task_D,325
3325,task_D,326
3326,task_D,327
3327,task_D,328
3328,task_D,329
3329,task_D,330
3330,task_D,331
3331,task_D,332
3332,task_D,333
3333,task_D,334
3334,task_D,335
3335,task_D,336
3336,task_D,337
3337,task_D,338
3338,task_D,339
3339,task_D,340
3340,task_D,341
3341,task_D,342
3342,task_D,343
3343,task_D,344
3344,task_D,345
3345,task_D,346
3346,task_D,347
3347,task_D,348
3348,task_D,349
3349,task_D,350
3350,task_D,351
3351,task_D,352
3352,task_D,353
3353,task_D,354
3354,task_D,355
3355,task_D,356
3356,task_D,357
3357,task_D,358
3358,task_D,359
3359,task_D,360
3360,task_D,361
3361,task_D,362
3362,task_D,363
3363,task_D,364
3364,task_D,365
3365,task_D,366
3366,task_D,367
3367,task_D,368
3368,task_D,369
3369,task_D,370
3370,task_D,371
3371,task_D,372
3372,task_D,373
3373,task_D,374
3374,task_D,375
3375,task_D,376
3376,task_D,377
3377,task_D,378
3378,task_D,379
3379,task_D,380
3380,task_D,381
3381,task_D,382
3382,task_D,383
3383,task_D,384
3384,task_D,385
3385,task_D,386
3386,task_D,387
3387,task_D,388
3388,task_D,389
3389,task_D,390
3390,task_D,391
3391,task_D,392
3392,task_D,393
3393,task_D,394
3394,task_D,395
3395,task_D,396
3396,task_D,397
3397,task_D,398
3398,task_D,399
3399,task_D,400
3400,task_D,401
3401,task_D,402
3402,task_D,403
3403,task_D,404
3404,task_D,405
3405,task_D,406
3406,task_D,407
3407,task_D,408
3408,task_D,409
3409,task_D,410
3410,task_D,411
3411,task_D,412
3412,task_D,413
3413,task_D,414
3414,task_D,415
3415,task_D,416
3416,task_D,417
3417,task_D,418
3418,task_D,419
3419,task_D,420
3420,task_D,421
3421,task_D,422
3422,task_D,423
3423,task_D,424
3424,task_D,425
3425,task_D,426
3426,task_D,427
3427,task_D,428
3428,task_D,429
3429,task_D,430
3430,task_D,431
3431,task_D,432
3432,task_D,433
3433,task_D,434
3434,task_D,435
3435,task_D,436
3436,task_D,437
3437,task_D,438
3438,task_D,439
3439,task_D,440
3440,task_D,441
3441,task_D,442
3442,task_D,443
3443,task_D,444
3444,task_D,445
3445,task_D,446
3446,task_D,447
3447,task_D,448
3448,task_D,449
3449,task_D,450
3450,task_D,451
3451,task_D,452
3452,task_D,453
3453,task_D,454
3454,task_D,455
3455,task_D,456
3456,task_D,457
3457,task_D,458
3458,task_D,459
3459,task_D,460
3460,task_D,461
3461,task_D,462
3462,task_D,463
3463,task_D,464
3464,task_D,465
3465,task_D,466
3466,task_D,467
3467,task_D,468
3468,task_D,469
3469,task_D,470
3470,task_D,471
3471,task_D,472
3472,task_D,473
3473,task_D,474
3474,task_D,475
3475,task_D,476
3476,task_D,477
3477,task_D,478
3478,task_D,479
3479,task_D,480
3480,task_D,481
3481,task_D,482
3482,task_D,483
3483,task_D,484
3484,task_D,485
3485,task_D,486
3486,task_D,487
3487,task_D,488
3488,task_D,489
3489,task_D,490
3490,task_D,491
3491,task_D,492
3492,task_D,493
3493,task_D,494
3494,task_D,495
3495,task_D,496
3496,task_D,497
3497,task_D,498
3498,task_D,499
3499,task_D,500
3500,task_D,501
3501,task_D,502
3502,task_D,503
3503,task_D,504
3504,task_D,505
3505,task_D,506
3506,task_D,507
3507,task_D,508
3508,task_D,509
3509,task_D,510
3510,task_D,511
3511,task_D,512
3512,task_D,513
3513,task_D,514
3514,task_D,515
3515,task_D,516
3516,task_D,517
3517,task_D,518
3518,task_D,519
3519,task_D,520
3520,task_D,521
3521,task_D,522
3522,task_D,523
3523,task_D,524
3524,task_D,525
3525,task_D,526
3526,task_D,527
3527,task_D,528
3528,task_D,529
3529,task_D,530
3530,task_D,531
3531,task_D,532
3532,task_D,533
3533,task_D,534
3534,task_D,535
3535,task_D,536
3536,task_D,537
3537,task_D,538
3538,task_D,539
3539,task_D,540
3540,task_D,541
3541,task_D,542
3542,task_D,543
3543,task_D,544
3544,task_D,545
3545,task_D,546
3546,task_D,547
3547,task_D,548
3548,task_D,549
3549,task_D,550
3550,task_D,551
3551,task_D,552
3552,task_D,553
3553,task_D,554
3554,task_D,555
3555,task_D,556
3556,task_D,557
3557,task_D,558
3558,task_D,559
3559,task_D,560
3560,task_D,561
3561,task_D,562
3562,task_D,563
3563,task_D,564
3564,task_D,565
3565,task_D,566
3566,task_D,567
3567,task_D,568
3568,task_D,569
3569,task_D,570
3570,task_D,571
3571,task_D,572
3572,task_D,573
3573,task_D,574
3574,task_D,575
3575,task_D,576
3576,task_D,577
3577,task_D,578
3578,task_D,579
3579,task_D,580
3580,task_D,581
3581,task_D,582
3582,task_D,583
3583,task_D,584
3584,task_D,585
3585,task_D,586
3586,task_D,587
3587,task_D,588
3588,task_D,589
3589,task_D,590
3590,task_D,591
3591,task_D,592
3592,task_D,593
3593,task_D,594
3594,task_D,595
3595,task_D,596
3596,task_D,597
3597,task_D,598
3598,task_D,599
3599,task_D,600
3600,task_D,601
3601,task_D,602
3602,task_D,603
3603,task_D,604
3604,task_D,605
3605,task_D,606
3606,task_D,607
3607,task_D,608
3608,task_D,609
3609,task_D,610
3610,task_D,611
3611,task_D,612
3612,task_D,613
3613,task_D,614
3614,task_D,615
3615,task_D,616
3616,task_D,617
3617,task_D,618
3618,task_D,619
3619,task_D,620
3620,task_D,621
3621,task_D,622
3622,task_D,623
3623,task_D,624
3624,task_D,625
3625,task_D,626
3626,task_D,627
3627,task_D,628
3628,task_D,629
3629,task_D,630
3630,task_D,631
3631,task_D,632
3632,task_D,633
3633,task_D,634
3634,task_D,635
3635,task_D,636
3636,task_D,637
3637,task_D,638
3638,task_D,639
3639,task_D,640
3640,task_D,641
3641,task_D,642
3642,task_D,643
3643,task_D,644
3644,task_D,645
3645,task_D,646
3646,task_D,647
3647,task_D,648
3648,task_D,649
3649,task_D,650
3650,task_D,651
3651,task_D,652
3652,task_D,653
3653,task_D,654
3654,task_D,655
3655,task_D,656
3656,task_D,657
3657,task_D,658
3658,task_D,659
3659,task_D,660
3660,task_D,661
3661,task_D,662
3662,task_D,663
3663,task_D,664
3664,task_D,665
3665,task_D,666
3666,task_D,667
3667,task_D,668
3668,task_D,669
3669,task_D,670
3670,task_D,671
3671,task_D,672
3672,task_D,673
3673,task_D,674
3674,task_D,675
3675,task_D,676
3676,task_D,677
3677,task_D,678
3678,task_D,679
3679,task_D,680
3680,task_D,681
3681,task_D,682
3682,task_D,683
3683,task_D,684
3684,task_D,685
3685,task_D,686
3686,task_D,687
3687,task_D,688
3688,task_D,689
3689,task_D,690
3690,task_D,691
3691,task_D,692
3692,task_D,693
3693,task_D,694
3694,task_D,695
3695,task_D,696
3696,task_D,697
3697,task_D,698
3698,task_D,699
3699,task_D,700
3700,task_D,701
3701,task_D,702
3702,task_D,703
3703,task_D,704
3704,task_D,705
3705,task_D,706
3706,task_D,707
3707,task_D,708
3708,task_D,709
3709,task_D,710
3710,task_D,711
3711,task_D,712
3712,task_D,713
3713,task_D,714
3714,task_D,715
3715,task_D,716
3716,task_D,717
3717,task_D,718
3718,task_D,719
3719,task_D,720
3720,task_D,721
3721,task_D,722
3722,task_D,723
3723,task_D,724
3724,task_D,725
3725,task_D,726
3726,task_D,727
3727,task_D,728
3728,task_D,729
3729,task_D,730
3730,task_D,731
3731,task_D,732
3732,task_D,733
3733,task_D,734
3734,task_D,735
3735,task_D,736
3736,task_D,737
3737,task_D,738
3738,task_D,739
3739,task_D,740
3740,task_D,741
3741,task_D,742
3742,task_D,743
3743,task_D,744
3744,task_D,745
3745,task_D,746
3746,task_D,747
3747,task_D,748
3748,task_D,749
3749,task_D,750
3750,task_D,751
3751,task_D,752
3752,task_D,753
3753,task_D,754
3754,task_D,755
3755,task_D,756
3756,task_D,757
3757,task_D,758
3758,task_D,759
3759,task_D,760
3760,task_D,761
3761,task_D,762
3762,task_D,763
3763,task_D,764
3764,task_D,765
3765,task_D,766
3766,task_D,767
3767,task_D,768
3768,task_D,769
3769,task_D,770
3770,task_D,771
3771,task_D,772
3772,task_D,773
3773,task_D,774
3774,task_D,775
3775,task_D,776
3776,task_D,777
3777,task_D,778
3778,task_D,779
3779,task_D,780
3780,task_D,781
3781,task_D,782
3782,task_D,783
3783,task_D,784
3784,task_D,785
3785,task_D,786
3786,task_D,787
3787,task_D,788
3788,task_D,789
3789,task_D,790
3790,task_D,791
3791,task_D,792
3792,task_D,793
3793,task_D,794
3794,task_D,795
3795,task_D,796
3796,task_D,797
3797,task_D,798
3798,task_D,799
3799,task_D,800
3800,task_D,801
3801,task_D,802
3802,task_D,803
3803,task_D,804
3804,task_D,805
3805,task_D,806
3806,task_D,807
3807,task_D,808
3808,task_D,809
3809,task_D,810
3810,task_D,811
3811,task_D,812
3812,task_D,813
3813,task_D,814
3814,task_D,815
3815,task_D,816
3816,task_D,817
3817,task_D,818
3818,task_D,819
3819,task_D,820
3820,task_D,821
3821,task_D,822
3822,task_D,823
3823,task_D,824
3824,task_D,825
3825,task_D,826
3826,task_D,827
3827,task_D,828
3828,task_D,829
3829,task_D,830
3830,task_D,831
3831,task_D,832
3832,task_D,833
3833,task_D,834
3834,task_D,835
3835,task_D,836
3836,task_D,837
3837,task_D,838
3838,task_D,839
3839,task_D,840
3840,task_D,841
3841,task_D,842
3842,task_D,843
3843,task_D,844
3844,task_D,845
3845,task_D,846
3846,task_D,847
3847,task_D,848
3848,task_D,849
3849,task_D,850
3850,task_D,851
3851,task_D,852
3852,task_D,853
3853,task_D,854
3854,task_D,855
3855,task_D,856
3856,task_D,857
3857,task_D,858
3858,task_D,859
3859,task_D,860
3860,task_D,861
3861,task_D,862
3862,task_D,863
3863,task_D,864
3864,task_D,865
3865,task_D,866
3866,task_D,867
3867,task_D,868
3868,task_D,869
3869,task_D,870
3870,task_D,871
3871,task_D,872
3872,task_D,873
3873,task_D,874
3874,task_D,875
3875,task_D,876
3876,task_D,877
3877,task_D,878
3878,task_D,879
3879,task_D,880
3880,task_D,881
3881,task_D,882
3882,task_D,883
3883,task_D,884
3884,task_D,885
3885,task_D,886
3886,task_D,887
3887,task_D,888
3888,task_D,889
3889,task_D,890
3890,task_D,891
3891,task_D,892
3892,task_D,893
3893,task_D,894
3894,task_D,895
3895,task_D,896
3896,task_D,897
3897,task_D,898
3898,task_D,899
3899,task_D,900
3900,task_D,901
3901,task_D,902
3902,task_D,903
3903,task_D,904
3904,task_D,905
3905,task_D,906
3906,task_D,907
3907,task_D,908
3908,task_D,909
3909,task_D,910
3910,task_D,911
3911,task_D,912
3912,task_D,913
3913,task_D,914
3914,task_D,915
3915,task_D,916
3916,task_D,917
3917,task_D,918
3918,task_D,919
3919,task_D,920
3920,task_D,921
3921,task_D,922
3922,task_D,923
3923,task_D,924
3924,task_D,925
3925,task_D,926
3926,task_D,927
3927,task_D,928
3928,task_D,929
3929,task_D,930
3930,task_D,931
3931,task_D,932
3932,task_D,933
3933,task_D,934
3934,task_D,935
3935,task_D,936
3936,task_D,937
3937,task_D,938
3938,task_D,939
3939,task_D,940
3940,task_D,941
3941,task_D,942
3942,task_D,943
3943,task_D,944
3944,task_D,945
3945,task_D,946
3946,task_D,947
3947,task_D,948
3948,task_D,949
3949,task_D,950
3950,task_D,951
3951,task_D,952
3952,task_D,953
3953,task_D,954
3954,task_D,955
3955,task_D,956
3956,task_D,957
3957,task_D,958
3958,task_D,959
3959,task_D,960
3960,task_D,961
3961,task_D,962
3962,task_D,963
3963,task_D,964
3964,task_D,965
3965,task_D,966
3966,task_D,967
3967,task_D,968
3968,task_D,969
3969,task_D,970
3970,task_D,971
3971,task_D,972
3972,task_D,973
3973,task_D,974
3974,task_D,975
3975,task_D,976
3976,task_D,977
3977,task_D,978
3978,task_D,979
3979,task_D,980
3980,task_D,981
3981,task_D,982
3982,task_D,983
3983,task_D,984
3984,task_D,985
3985,task_D,986
3986,task_D,987
3987,task_D,988
3988,task_D,989
3989,task_D,990
3990,task_D,991
3991,task_D,992
3992,task_D,993
3993,task_D,994
3994,task_D,995
3995,task_D,996
3996,task_D,997
3997,task_D,998
3998,task_D,999
3999,task_D,1000
