,seed,task_ID
0,1,task_A
1,2,task_A
2,3,task_A
3,4,task_A
4,5,task_A
5,6,task_A
6,7,task_A
7,8,task_A
8,9,task_A
9,10,task_A
10,11,task_A
11,12,task_A
12,13,task_A
13,14,task_A
14,15,task_A
15,16,task_A
16,17,task_A
17,18,task_A
18,19,task_A
19,20,task_A
20,21,task_A
21,22,task_A
22,23,task_A
23,24,task_A
24,25,task_A
25,26,task_A
26,27,task_A
27,28,task_A
28,29,task_A
29,30,task_A
30,31,task_A
31,32,task_A
32,33,task_A
33,34,task_A
34,35,task_A
35,36,task_A
36,37,task_A
37,38,task_A
38,39,task_A
39,40,task_A
40,41,task_A
41,42,task_A
42,43,task_A
43,44,task_A
44,45,task_A
45,46,task_A
46,47,task_A
47,48,task_A
48,49,task_A
49,50,task_A
50,51,task_A
51,52,task_A
52,53,task_A
53,54,task_A
54,55,task_A
55,56,task_A
56,57,task_A
57,58,task_A
58,59,task_A
59,60,task_A
60,61,task_A
61,62,task_A
62,63,task_A
63,64,task_A
64,65,task_A
65,66,task_A
66,67,task_A
67,68,task_A
68,69,task_A
69,70,task_A
70,71,task_A
71,72,task_A
72,73,task_A
73,74,task_A
74,75,task_A
75,76,task_A
76,77,task_A
77,78,task_A
78,79,task_A
79,80,task_A
80,81,task_A
81,82,task_A
82,83,task_A
83,84,task_A
84,85,task_A
85,86,task_A
86,87,task_A
87,88,task_A
88,89,task_A
89,90,task_A
90,91,task_A
91,92,task_A
92,93,task_A
93,94,task_A
94,95,task_A
95,96,task_A
96,97,task_A
97,98,task_A
98,99,task_A
99,100,task_A
100,101,task_A
101,102,task_A
102,103,task_A
103,104,task_A
104,105,task_A
105,106,task_A
106,107,task_A
107,108,task_A
108,109,task_A
109,110,task_A
110,111,task_A
111,112,task_A
112,113,task_A
113,114,task_A
114,115,task_A
115,116,task_A
116,117,task_A
117,118,task_A
118,119,task_A
119,120,task_A
120,121,task_A
121,122,task_A
122,123,task_A
123,124,task_A
124,125,task_A
125,126,task_A
126,127,task_A
127,128,task_A
128,129,task_A
129,130,task_A
130,131,task_A
131,132,task_A
132,133,task_A
133,134,task_A
134,135,task_A
135,136,task_A
136,137,task_A
137,138,task_A
138,139,task_A
139,140,task_A
140,141,task_A
141,142,task_A
142,143,task_A
143,144,task_A
144,145,task_A
145,146,task_A
146,147,task_A
147,148,task_A
148,149,task_A
149,150,task_A
150,151,task_A
151,152,task_A
152,153,task_A
153,154,task_A
154,155,task_A
155,156,task_A
156,157,task_A
157,158,task_A
158,159,task_A
159,160,task_A
160,161,task_A
161,162,task_A
162,163,task_A
163,164,task_A
164,165,task_A
165,166,task_A
166,167,task_A
167,168,task_A
168,169,task_A
169,170,task_A
170,171,task_A
171,172,task_A
172,173,task_A
173,174,task_A
174,175,task_A
175,176,task_A
176,177,task_A
177,178,task_A
178,179,task_A
179,180,task_A
180,181,task_A
181,182,task_A
182,183,task_A
183,184,task_A
184,185,task_A
185,186,task_A
186,187,task_A
187,188,task_A
188,189,task_A
189,190,task_A
190,191,task_A
191,192,task_A
192,193,task_A
193,194,task_A
194,195,task_A
195,196,task_A
196,197,task_A
197,198,task_A
198,199,task_A
199,200,task_A
200,201,task_A
201,202,task_A
202,203,task_A
203,204,task_A
204,205,task_A
205,206,task_A
206,207,task_A
207,208,task_A
208,209,task_A
209,210,task_A
210,211,task_A
211,212,task_A
212,213,task_A
213,214,task_A
214,215,task_A
215,216,task_A
216,217,task_A
217,218,task_A
218,219,task_A
219,220,task_A
220,221,task_A
221,222,task_A
222,223,task_A
223,224,task_A
224,225,task_A
225,226,task_A
226,227,task_A
227,228,task_A
228,229,task_A
229,230,task_A
230,231,task_A
231,232,task_A
232,233,task_A
233,234,task_A
234,235,task_A
235,236,task_A
236,237,task_A
237,238,task_A
238,239,task_A
239,240,task_A
240,241,task_A
241,242,task_A
242,243,task_A
243,244,task_A
244,245,task_A
245,246,task_A
246,247,task_A
247,248,task_A
248,249,task_A
249,250,task_A
250,251,task_A
251,252,task_A
252,253,task_A
253,254,task_A
254,255,task_A
255,256,task_A
256,257,task_A
257,258,task_A
258,259,task_A
259,260,task_A
260,261,task_A
261,262,task_A
262,263,task_A
263,264,task_A
264,265,task_A
265,266,task_A
266,267,task_A
267,268,task_A
268,269,task_A
269,270,task_A
270,271,task_A
271,272,task_A
272,273,task_A
273,274,task_A
274,275,task_A
275,276,task_A
276,277,task_A
277,278,task_A
278,279,task_A
279,280,task_A
280,281,task_A
281,282,task_A
282,283,task_A
283,284,task_A
284,285,task_A
285,286,task_A
286,287,task_A
287,288,task_A
288,289,task_A
289,290,task_A
290,291,task_A
291,292,task_A
292,293,task_A
293,294,task_A
294,295,task_A
295,296,task_A
296,297,task_A
297,298,task_A
298,299,task_A
299,300,task_A
300,301,task_A
301,302,task_A
302,303,task_A
303,304,task_A
304,305,task_A
305,306,task_A
306,307,task_A
307,308,task_A
308,309,task_A
309,310,task_A
310,311,task_A
311,312,task_A
312,313,task_A
313,314,task_A
314,315,task_A
315,316,task_A
316,317,task_A
317,318,task_A
318,319,task_A
319,320,task_A
320,321,task_A
321,322,task_A
322,323,task_A
323,324,task_A
324,325,task_A
325,326,task_A
326,327,task_A
327,328,task_A
328,329,task_A
329,330,task_A
330,331,task_A
331,332,task_A
332,333,task_A
333,334,task_A
334,335,task_A
335,336,task_A
336,337,task_A
337,338,task_A
338,339,task_A
339,340,task_A
340,341,task_A
341,342,task_A
342,343,task_A
343,344,task_A
344,345,task_A
345,346,task_A
346,347,task_A
347,348,task_A
348,349,task_A
349,350,task_A
350,351,task_A
351,352,task_A
352,353,task_A
353,354,task_A
354,355,task_A
355,356,task_A
356,357,task_A
357,358,task_A
358,359,task_A
359,360,task_A
360,361,task_A
361,362,task_A
362,363,task_A
363,364,task_A
364,365,task_A
365,366,task_A
366,367,task_A
367,368,task_A
368,369,task_A
369,370,task_A
370,371,task_A
371,372,task_A
372,373,task_A
373,374,task_A
374,375,task_A
375,376,task_A
376,377,task_A
377,378,task_A
378,379,task_A
379,380,task_A
380,381,task_A
381,382,task_A
382,383,task_A
383,384,task_A
384,385,task_A
385,386,task_A
386,387,task_A
387,388,task_A
388,389,task_A
389,390,task_A
390,391,task_A
391,392,task_A
392,393,task_A
393,394,task_A
394,395,task_A
395,396,task_A
396,397,task_A
397,398,task_A
398,399,task_A
399,400,task_A
400,401,task_A
401,402,task_A
402,403,task_A
403,404,task_A
404,405,task_A
405,406,task_A
406,407,task_A
407,408,task_A
408,409,task_A
409,410,task_A
410,411,task_A
411,412,task_A
412,413,task_A
413,414,task_A
414,415,task_A
415,416,task_A
416,417,task_A
417,418,task_A
418,419,task_A
419,420,task_A
420,421,task_A
421,422,task_A
422,423,task_A
423,424,task_A
424,425,task_A
425,426,task_A
426,427,task_A
427,428,task_A
428,429,task_A
429,430,task_A
430,431,task_A
431,432,task_A
432,433,task_A
433,434,task_A
434,435,task_A
435,436,task_A
436,437,task_A
437,438,task_A
438,439,task_A
439,440,task_A
440,441,task_A
441,442,task_A
442,443,task_A
443,444,task_A
444,445,task_A
445,446,task_A
446,447,task_A
447,448,task_A
448,449,task_A
449,450,task_A
450,451,task_A
451,452,task_A
452,453,task_A
453,454,task_A
454,455,task_A
455,456,task_A
456,457,task_A
457,458,task_A
458,459,task_A
459,460,task_A
460,461,task_A
461,462,task_A
462,463,task_A
463,464,task_A
464,465,task_A
465,466,task_A
466,467,task_A
467,468,task_A
468,469,task_A
469,470,task_A
470,471,task_A
471,472,task_A
472,473,task_A
473,474,task_A
474,475,task_A
475,476,task_A
476,477,task_A
477,478,task_A
478,479,task_A
479,480,task_A
480,481,task_A
481,482,task_A
482,483,task_A
483,484,task_A
484,485,task_A
485,486,task_A
486,487,task_A
487,488,task_A
488,489,task_A
489,490,task_A
490,491,task_A
491,492,task_A
492,493,task_A
493,494,task_A
494,495,task_A
495,496,task_A
496,497,task_A
497,498,task_A
498,499,task_A
499,500,task_A
500,501,task_A
501,502,task_A
502,503,task_A
503,504,task_A
504,505,task_A
505,506,task_A
506,507,task_A
507,508,task_A
508,509,task_A
509,510,task_A
510,511,task_A
511,512,task_A
512,513,task_A
513,514,task_A
514,515,task_A
515,516,task_A
516,517,task_A
517,518,task_A
518,519,task_A
519,520,task_A
520,521,task_A
521,522,task_A
522,523,task_A
523,524,task_A
524,525,task_A
525,526,task_A
526,527,task_A
527,528,task_A
528,529,task_A
529,530,task_A
530,531,task_A
531,532,task_A
532,533,task_A
533,534,task_A
534,535,task_A
535,536,task_A
536,537,task_A
537,538,task_A
538,539,task_A
539,540,task_A
540,541,task_A
541,542,task_A
542,543,task_A
543,544,task_A
544,545,task_A
545,546,task_A
546,547,task_A
547,548,task_A
548,549,task_A
549,550,task_A
550,551,task_A
551,552,task_A
552,553,task_A
553,554,task_A
554,555,task_A
555,556,task_A
556,557,task_A
557,558,task_A
558,559,task_A
559,560,task_A
560,561,task_A
561,562,task_A
562,563,task_A
563,564,task_A
564,565,task_A
565,566,task_A
566,567,task_A
567,568,task_A
568,569,task_A
569,570,task_A
570,571,task_A
571,572,task_A
572,573,task_A
573,574,task_A
574,575,task_A
575,576,task_A
576,577,task_A
577,578,task_A
578,579,task_A
579,580,task_A
580,581,task_A
581,582,task_A
582,583,task_A
583,584,task_A
584,585,task_A
585,586,task_A
586,587,task_A
587,588,task_A
588,589,task_A
589,590,task_A
590,591,task_A
591,592,task_A
592,593,task_A
593,594,task_A
594,595,task_A
595,596,task_A
596,597,task_A
597,598,task_A
598,599,task_A
599,600,task_A
600,601,task_A
601,602,task_A
602,603,task_A
603,604,task_A
604,605,task_A
605,606,task_A
606,607,task_A
607,608,task_A
608,609,task_A
609,610,task_A
610,611,task_A
611,612,task_A
612,613,task_A
613,614,task_A
614,615,task_A
615,616,task_A
616,617,task_A
617,618,task_A
618,619,task_A
619,620,task_A
620,621,task_A
621,622,task_A
622,623,task_A
623,624,task_A
624,625,task_A
625,626,task_A
626,627,task_A
627,628,task_A
628,629,task_A
629,630,task_A
630,631,task_A
631,632,task_A
632,633,task_A
633,634,task_A
634,635,task_A
635,636,task_A
636,637,task_A
637,638,task_A
638,639,task_A
639,640,task_A
640,641,task_A
641,642,task_A
642,643,task_A
643,644,task_A
644,645,task_A
645,646,task_A
646,647,task_A
647,648,task_A
648,649,task_A
649,650,task_A
650,651,task_A
651,652,task_A
652,653,task_A
653,654,task_A
654,655,task_A
655,656,task_A
656,657,task_A
657,658,task_A
658,659,task_A
659,660,task_A
660,661,task_A
661,662,task_A
662,663,task_A
663,664,task_A
664,665,task_A
665,666,task_A
666,667,task_A
667,668,task_A
668,669,task_A
669,670,task_A
670,671,task_A
671,672,task_A
672,673,task_A
673,674,task_A
674,675,task_A
675,676,task_A
676,677,task_A
677,678,task_A
678,679,task_A
679,680,task_A
680,681,task_A
681,682,task_A
682,683,task_A
683,684,task_A
684,685,task_A
685,686,task_A
686,687,task_A
687,688,task_A
688,689,task_A
689,690,task_A
690,691,task_A
691,692,task_A
692,693,task_A
693,694,task_A
694,695,task_A
695,696,task_A
696,697,task_A
697,698,task_A
698,699,task_A
699,700,task_A
700,701,task_A
701,702,task_A
702,703,task_A
703,704,task_A
704,705,task_A
705,706,task_A
706,707,task_A
707,708,task_A
708,709,task_A
709,710,task_A
710,711,task_A
711,712,task_A
712,713,task_A
713,714,task_A
714,715,task_A
715,716,task_A
716,717,task_A
717,718,task_A
718,719,task_A
719,720,task_A
720,721,task_A
721,722,task_A
722,723,task_A
723,724,task_A
724,725,task_A
725,726,task_A
726,727,task_A
727,728,task_A
728,729,task_A
729,730,task_A
730,731,task_A
731,732,task_A
732,733,task_A
733,734,task_A
734,735,task_A
735,736,task_A
736,737,task_A
737,738,task_A
738,739,task_A
739,740,task_A
740,741,task_A
741,742,task_A
742,743,task_A
743,744,task_A
744,745,task_A
745,746,task_A
746,747,task_A
747,748,task_A
748,749,task_A
749,750,task_A
750,751,task_A
751,752,task_A
752,753,task_A
753,754,task_A
754,755,task_A
755,756,task_A
756,757,task_A
757,758,task_A
758,759,task_A
759,760,task_A
760,761,task_A
761,762,task_A
762,763,task_A
763,764,task_A
764,765,task_A
765,766,task_A
766,767,task_A
767,768,task_A
768,769,task_A
769,770,task_A
770,771,task_A
771,772,task_A
772,773,task_A
773,774,task_A
774,775,task_A
775,776,task_A
776,777,task_A
777,778,task_A
778,779,task_A
779,780,task_A
780,781,task_A
781,782,task_A
782,783,task_A
783,784,task_A
784,785,task_A
785,786,task_A
786,787,task_A
787,788,task_A
788,789,task_A
789,790,task_A
790,791,task_A
791,792,task_A
792,793,task_A
793,794,task_A
794,795,task_A
795,796,task_A
796,797,task_A
797,798,task_A
798,799,task_A
799,800,task_A
800,801,task_A
801,802,task_A
802,803,task_A
803,804,task_A
804,805,task_A
805,806,task_A
806,807,task_A
807,808,task_A
808,809,task_A
809,810,task_A
810,811,task_A
811,812,task_A
812,813,task_A
813,814,task_A
814,815,task_A
815,816,task_A
816,817,task_A
817,818,task_A
818,819,task_A
819,820,task_A
820,821,task_A
821,822,task_A
822,823,task_A
823,824,task_A
824,825,task_A
825,826,task_A
826,827,task_A
827,828,task_A
828,829,task_A
829,830,task_A
830,831,task_A
831,832,task_A
832,833,task_A
833,834,task_A
834,835,task_A
835,836,task_A
836,837,task_A
837,838,task_A
838,839,task_A
839,840,task_A
840,841,task_A
841,842,task_A
842,843,task_A
843,844,task_A
844,845,task_A
845,846,task_A
846,847,task_A
847,848,task_A
848,849,task_A
849,850,task_A
850,851,task_A
851,852,task_A
852,853,task_A
853,854,task_A
854,855,task_A
855,856,task_A
856,857,task_A
857,858,task_A
858,859,task_A
859,860,task_A
860,861,task_A
861,862,task_A
862,863,task_A
863,864,task_A
864,865,task_A
865,866,task_A
866,867,task_A
867,868,task_A
868,869,task_A
869,870,task_A
870,871,task_A
871,872,task_A
872,873,task_A
873,874,task_A
874,875,task_A
875,876,task_A
876,877,task_A
877,878,task_A
878,879,task_A
879,880,task_A
880,881,task_A
881,882,task_A
882,883,task_A
883,884,task_A
884,885,task_A
885,886,task_A
886,887,task_A
887,888,task_A
888,889,task_A
889,890,task_A
890,891,task_A
891,892,task_A
892,893,task_A
893,894,task_A
894,895,task_A
895,896,task_A
896,897,task_A
897,898,task_A
898,899,task_A
899,900,task_A
900,901,task_A
901,902,task_A
902,903,task_A
903,904,task_A
904,905,task_A
905,906,task_A
906,907,task_A
907,908,task_A
908,909,task_A
909,910,task_A
910,911,task_A
911,912,task_A
912,913,task_A
913,914,task_A
914,915,task_A
915,916,task_A
916,917,task_A
917,918,task_A
918,919,task_A
919,920,task_A
920,921,task_A
921,922,task_A
922,923,task_A
923,924,task_A
924,925,task_A
925,926,task_A
926,927,task_A
927,928,task_A
928,929,task_A
929,930,task_A
930,931,task_A
931,932,task_A
932,933,task_A
933,934,task_A
934,935,task_A
935,936,task_A
936,937,task_A
937,938,task_A
938,939,task_A
939,940,task_A
940,941,task_A
941,942,task_A
942,943,task_A
943,944,task_A
944,945,task_A
945,946,task_A
946,947,task_A
947,948,task_A
948,949,task_A
949,950,task_A
950,951,task_A
951,952,task_A
952,953,task_A
953,954,task_A
954,955,task_A
955,956,task_A
956,957,task_A
957,958,task_A
958,959,task_A
959,960,task_A
960,961,task_A
961,962,task_A
962,963,task_A
963,964,task_A
964,965,task_A
965,966,task_A
966,967,task_A
967,968,task_A
968,969,task_A
969,970,task_A
970,971,task_A
971,972,task_A
972,973,task_A
973,974,task_A
974,975,task_A
975,976,task_A
976,977,task_A
977,978,task_A
978,979,task_A
979,980,task_A
980,981,task_A
981,982,task_A
982,983,task_A
983,984,task_A
984,985,task_A
985,986,task_A
986,987,task_A
987,988,task_A
988,989,task_A
989,990,task_A
990,991,task_A
991,992,task_A
992,993,task_A
993,994,task_A
994,995,task_A
995,996,task_A
996,997,task_A
997,998,task_A
998,999,task_A
999,1000,task_A
1000,1,task_B
1001,2,task_B
1002,3,task_B
1003,4,task_B
1004,5,task_B
1005,6,task_B
1006,7,task_B
1007,8,task_B
1008,9,task_B
1009,10,task_B
1010,11,task_B
1011,12,task_B
1012,13,task_B
1013,14,task_B
1014,15,task_B
1015,16,task_B
1016,17,task_B
1017,18,task_B
1018,19,task_B
1019,20,task_B
1020,21,task_B
1021,22,task_B
1022,23,task_B
1023,24,task_B
1024,25,task_B
1025,26,task_B
1026,27,task_B
1027,28,task_B
1028,29,task_B
1029,30,task_B
1030,31,task_B
1031,32,task_B
1032,33,task_B
1033,34,task_B
1034,35,task_B
1035,36,task_B
1036,37,task_B
1037,38,task_B
1038,39,task_B
1039,40,task_B
1040,41,task_B
1041,42,task_B
1042,43,task_B
1043,44,task_B
1044,45,task_B
1045,46,task_B
1046,47,task_B
1047,48,task_B
1048,49,task_B
1049,50,task_B
1050,51,task_B
1051,52,task_B
1052,53,task_B
1053,54,task_B
1054,55,task_B
1055,56,task_B
1056,57,task_B
1057,58,task_B
1058,59,task_B
1059,60,task_B
1060,61,task_B
1061,62,task_B
1062,63,task_B
1063,64,task_B
1064,65,task_B
1065,66,task_B
1066,67,task_B
1067,68,task_B
1068,69,task_B
1069,70,task_B
1070,71,task_B
1071,72,task_B
1072,73,task_B
1073,74,task_B
1074,75,task_B
1075,76,task_B
1076,77,task_B
1077,78,task_B
1078,79,task_B
1079,80,task_B
1080,81,task_B
1081,82,task_B
1082,83,task_B
1083,84,task_B
1084,85,task_B
1085,86,task_B
1086,87,task_B
1087,88,task_B
1088,89,task_B
1089,90,task_B
1090,91,task_B
1091,92,task_B
1092,93,task_B
1093,94,task_B
1094,95,task_B
1095,96,task_B
1096,97,task_B
1097,98,task_B
1098,99,task_B
1099,100,task_B
1100,101,task_B
1101,102,task_B
1102,103,task_B
1103,104,task_B
1104,105,task_B
1105,106,task_B
1106,107,task_B
1107,108,task_B
1108,109,task_B
1109,110,task_B
1110,111,task_B
1111,112,task_B
1112,113,task_B
1113,114,task_B
1114,115,task_B
1115,116,task_B
1116,117,task_B
1117,118,task_B
1118,119,task_B
1119,120,task_B
1120,121,task_B
1121,122,task_B
1122,123,task_B
1123,124,task_B
1124,125,task_B
1125,126,task_B
1126,127,task_B
1127,128,task_B
1128,129,task_B
1129,130,task_B
1130,131,task_B
1131,132,task_B
1132,133,task_B
1133,134,task_B
1134,135,task_B
1135,136,task_B
1136,137,task_B
1137,138,task_B
1138,139,task_B
1139,140,task_B
1140,141,task_B
1141,142,task_B
1142,143,task_B
1143,144,task_B
1144,145,task_B
1145,146,task_B
1146,147,task_B
1147,148,task_B
1148,149,task_B
1149,150,task_B
1150,151,task_B
1151,152,task_B
1152,153,task_B
1153,154,task_B
1154,155,task_B
1155,156,task_B
1156,157,task_B
1157,158,task_B
1158,159,task_B
1159,160,task_B
1160,161,task_B
1161,162,task_B
1162,163,task_B
1163,164,task_B
1164,165,task_B
1165,166,task_B
1166,167,task_B
1167,168,task_B
1168,169,task_B
1169,170,task_B
1170,171,task_B
1171,172,task_B
1172,173,task_B
1173,174,task_B
1174,175,task_B
1175,176,task_B
1176,177,task_B
1177,178,task_B
1178,179,task_B
1179,180,task_B
1180,181,task_B
1181,182,task_B
1182,183,task_B
1183,184,task_B
1184,185,task_B
1185,186,task_B
1186,187,task_B
1187,188,task_B
1188,189,task_B
1189,190,task_B
1190,191,task_B
1191,192,task_B
1192,193,task_B
1193,194,task_B
1194,195,task_B
1195,196,task_B
1196,197,task_B
1197,198,task_B
1198,199,task_B
1199,200,task_B
1200,201,task_B
1201,202,task_B
1202,203,task_B
1203,204,task_B
1204,205,task_B
1205,206,task_B
1206,207,task_B
1207,208,task_B
1208,209,task_B
1209,210,task_B
1210,211,task_B
1211,212,task_B
1212,213,task_B
1213,214,task_B
1214,215,task_B
1215,216,task_B
1216,217,task_B
1217,218,task_B
1218,219,task_B
1219,220,task_B
1220,221,task_B
1221,222,task_B
1222,223,task_B
1223,224,task_B
1224,225,task_B
1225,226,task_B
1226,227,task_B
1227,228,task_B
1228,229,task_B
1229,230,task_B
1230,231,task_B
1231,232,task_B
1232,233,task_B
1233,234,task_B
1234,235,task_B
1235,236,task_B
1236,237,task_B
1237,238,task_B
1238,239,task_B
1239,240,task_B
1240,241,task_B
1241,242,task_B
1242,243,task_B
1243,244,task_B
1244,245,task_B
1245,246,task_B
1246,247,task_B
1247,248,task_B
1248,249,task_B
1249,250,task_B
1250,251,task_B
1251,252,task_B
1252,253,task_B
1253,254,task_B
1254,255,task_B
1255,256,task_B
1256,257,task_B
1257,258,task_B
1258,259,task_B
1259,260,task_B
1260,261,task_B
1261,262,task_B
1262,263,task_B
1263,264,task_B
1264,265,task_B
1265,266,task_B
1266,267,task_B
1267,268,task_B
1268,269,task_B
1269,270,task_B
1270,271,task_B
1271,272,task_B
1272,273,task_B
1273,274,task_B
1274,275,task_B
1275,276,task_B
1276,277,task_B
1277,278,task_B
1278,279,task_B
1279,280,task_B
1280,281,task_B
1281,282,task_B
1282,283,task_B
1283,284,task_B
1284,285,task_B
1285,286,task_B
1286,287,task_B
1287,288,task_B
1288,289,task_B
1289,290,task_B
1290,291,task_B
1291,292,task_B
1292,293,task_B
1293,294,task_B
1294,295,task_B
1295,296,task_B
1296,297,task_B
1297,298,task_B
1298,299,task_B
1299,300,task_B
1300,301,task_B
1301,302,task_B
1302,303,task_B
1303,304,task_B
1304,305,task_B
1305,306,task_B
1306,307,task_B
1307,308,task_B
1308,309,task_B
1309,310,task_B
1310,311,task_B
1311,312,task_B
1312,313,task_B
1313,314,task_B
1314,315,task_B
1315,316,task_B
1316,317,task_B
1317,318,task_B
1318,319,task_B
1319,320,task_B
1320,321,task_B
1321,322,task_B
1322,323,task_B
1323,324,task_B
1324,325,task_B
1325,326,task_B
1326,327,task_B
1327,328,task_B
1328,329,task_B
1329,330,task_B
1330,331,task_B
1331,332,task_B
1332,333,task_B
1333,334,task_B
1334,335,task_B
1335,336,task_B
1336,337,task_B
1337,338,task_B
1338,339,task_B
1339,340,task_B
1340,341,task_B
1341,342,task_B
1342,343,task_B
1343,344,task_B
1344,345,task_B
1345,346,task_B
1346,347,task_B
1347,348,task_B
1348,349,task_B
1349,350,task_B
1350,351,task_B
1351,352,task_B
1352,353,task_B
1353,354,task_B
1354,355,task_B
1355,356,task_B
1356,357,task_B
1357,358,task_B
1358,359,task_B
1359,360,task_B
1360,361,task_B
1361,362,task_B
1362,363,task_B
1363,364,task_B
1364,365,task_B
1365,366,task_B
1366,367,task_B
1367,368,task_B
1368,369,task_B
1369,370,task_B
1370,371,task_B
1371,372,task_B
1372,373,task_B
1373,374,task_B
1374,375,task_B
1375,376,task_B
1376,377,task_B
1377,378,task_B
1378,379,task_B
1379,380,task_B
1380,381,task_B
1381,382,task_B
1382,383,task_B
1383,384,task_B
1384,385,task_B
1385,386,task_B
1386,387,task_B
1387,388,task_B
1388,389,task_B
1389,390,task_B
1390,391,task_B
1391,392,task_B
1392,393,task_B
1393,394,task_B
1394,395,task_B
1395,396,task_B
1396,397,task_B
1397,398,task_B
1398,399,task_B
1399,400,task_B
1400,401,task_B
1401,402,task_B
1402,403,task_B
1403,404,task_B
1404,405,task_B
1405,406,task_B
1406,407,task_B
1407,408,task_B
1408,409,task_B
1409,410,task_B
1410,411,task_B
1411,412,task_B
1412,413,task_B
1413,414,task_B
1414,415,task_B
1415,416,task_B
1416,417,task_B
1417,418,task_B
1418,419,task_B
1419,420,task_B
1420,421,task_B
1421,422,task_B
1422,423,task_B
1423,424,task_B
1424,425,task_B
1425,426,task_B
1426,427,task_B
1427,428,task_B
1428,429,task_B
1429,430,task_B
1430,431,task_B
1431,432,task_B
1432,433,task_B
1433,434,task_B
1434,435,task_B
1435,436,task_B
1436,437,task_B
1437,438,task_B
1438,439,task_B
1439,440,task_B
1440,441,task_B
1441,442,task_B
1442,443,task_B
1443,444,task_B
1444,445,task_B
1445,446,task_B
1446,447,task_B
1447,448,task_B
1448,449,task_B
1449,450,task_B
1450,451,task_B
1451,452,task_B
1452,453,task_B
1453,454,task_B
1454,455,task_B
1455,456,task_B
1456,457,task_B
1457,458,task_B
1458,459,task_B
1459,460,task_B
1460,461,task_B
1461,462,task_B
1462,463,task_B
1463,464,task_B
1464,465,task_B
1465,466,task_B
1466,467,task_B
1467,468,task_B
1468,469,task_B
1469,470,task_B
1470,471,task_B
1471,472,task_B
1472,473,task_B
1473,474,task_B
1474,475,task_B
1475,476,task_B
1476,477,task_B
1477,478,task_B
1478,479,task_B
1479,480,task_B
1480,481,task_B
1481,482,task_B
1482,483,task_B
1483,484,task_B
1484,485,task_B
1485,486,task_B
1486,487,task_B
1487,488,task_B
1488,489,task_B
1489,490,task_B
1490,491,task_B
1491,492,task_B
1492,493,task_B
1493,494,task_B
1494,495,task_B
1495,496,task_B
1496,497,task_B
1497,498,task_B
1498,499,task_B
1499,500,task_B
1500,501,task_B
1501,502,task_B
1502,503,task_B
1503,504,task_B
1504,505,task_B
1505,506,task_B
1506,507,task_B
1507,508,task_B
1508,509,task_B
1509,510,task_B
1510,511,task_B
1511,512,task_B
1512,513,task_B
1513,514,task_B
1514,515,task_B
1515,516,task_B
1516,517,task_B
1517,518,task_B
1518,519,task_B
1519,520,task_B
1520,521,task_B
1521,522,task_B
1522,523,task_B
1523,524,task_B
1524,525,task_B
1525,526,task_B
1526,527,task_B
1527,528,task_B
1528,529,task_B
1529,530,task_B
1530,531,task_B
1531,532,task_B
1532,533,task_B
1533,534,task_B
1534,535,task_B
1535,536,task_B
1536,537,task_B
1537,538,task_B
1538,539,task_B
1539,540,task_B
1540,541,task_B
1541,542,task_B
1542,543,task_B
1543,544,task_B
1544,545,task_B
1545,546,task_B
1546,547,task_B
1547,548,task_B
1548,549,task_B
1549,550,task_B
1550,551,task_B
1551,552,task_B
1552,553,task_B
1553,554,task_B
1554,555,task_B
1555,556,task_B
1556,557,task_B
1557,558,task_B
1558,559,task_B
1559,560,task_B
1560,561,task_B
1561,562,task_B
1562,563,task_B
1563,564,task_B
1564,565,task_B
1565,566,task_B
1566,567,task_B
1567,568,task_B
1568,569,task_B
1569,570,task_B
1570,571,task_B
1571,572,task_B
1572,573,task_B
1573,574,task_B
1574,575,task_B
1575,576,task_B
1576,577,task_B
1577,578,task_B
1578,579,task_B
1579,580,task_B
1580,581,task_B
1581,582,task_B
1582,583,task_B
1583,584,task_B
1584,585,task_B
1585,586,task_B
1586,587,task_B
1587,588,task_B
1588,589,task_B
1589,590,task_B
1590,591,task_B
1591,592,task_B
1592,593,task_B
1593,594,task_B
1594,595,task_B
1595,596,task_B
1596,597,task_B
1597,598,task_B
1598,599,task_B
1599,600,task_B
1600,601,task_B
1601,602,task_B
1602,603,task_B
1603,604,task_B
1604,605,task_B
1605,606,task_B
1606,607,task_B
1607,608,task_B
1608,609,task_B
1609,610,task_B
1610,611,task_B
1611,612,task_B
1612,613,task_B
1613,614,task_B
1614,615,task_B
1615,616,task_B
1616,617,task_B
1617,618,task_B
1618,619,task_B
1619,620,task_B
1620,621,task_B
1621,622,task_B
1622,623,task_B
1623,624,task_B
1624,625,task_B
1625,626,task_B
1626,627,task_B
1627,628,task_B
1628,629,task_B
1629,630,task_B
1630,631,task_B
1631,632,task_B
1632,633,task_B
1633,634,task_B
1634,635,task_B
1635,636,task_B
1636,637,task_B
1637,638,task_B
1638,639,task_B
1639,640,task_B
1640,641,task_B
1641,642,task_B
1642,643,task_B
1643,644,task_B
1644,645,task_B
1645,646,task_B
1646,647,task_B
1647,648,task_B
1648,649,task_B
1649,650,task_B
1650,651,task_B
1651,652,task_B
1652,653,task_B
1653,654,task_B
1654,655,task_B
1655,656,task_B
1656,657,task_B
1657,658,task_B
1658,659,task_B
1659,660,task_B
1660,661,task_B
1661,662,task_B
1662,663,task_B
1663,664,task_B
1664,665,task_B
1665,666,task_B
1666,667,task_B
1667,668,task_B
1668,669,task_B
1669,670,task_B
1670,671,task_B
1671,672,task_B
1672,673,task_B
1673,674,task_B
1674,675,task_B
1675,676,task_B
1676,677,task_B
1677,678,task_B
1678,679,task_B
1679,680,task_B
1680,681,task_B
1681,682,task_B
1682,683,task_B
1683,684,task_B
1684,685,task_B
1685,686,task_B
1686,687,task_B
1687,688,task_B
1688,689,task_B
1689,690,task_B
1690,691,task_B
1691,692,task_B
1692,693,task_B
1693,694,task_B
1694,695,task_B
1695,696,task_B
1696,697,task_B
1697,698,task_B
1698,699,task_B
1699,700,task_B
1700,701,task_B
1701,702,task_B
1702,703,task_B
1703,704,task_B
1704,705,task_B
1705,706,task_B
1706,707,task_B
1707,708,task_B
1708,709,task_B
1709,710,task_B
1710,711,task_B
1711,712,task_B
1712,713,task_B
1713,714,task_B
1714,715,task_B
1715,716,task_B
1716,717,task_B
1717,718,task_B
1718,719,task_B
1719,720,task_B
1720,721,task_B
1721,722,task_B
1722,723,task_B
1723,724,task_B
1724,725,task_B
1725,726,task_B
1726,727,task_B
1727,728,task_B
1728,729,task_B
1729,730,task_B
1730,731,task_B
1731,732,task_B
1732,733,task_B
1733,734,task_B
1734,735,task_B
1735,736,task_B
1736,737,task_B
1737,738,task_B
1738,739,task_B
1739,740,task_B
1740,741,task_B
1741,742,task_B
1742,743,task_B
1743,744,task_B
1744,745,task_B
1745,746,task_B
1746,747,task_B
1747,748,task_B
1748,749,task_B
1749,750,task_B
1750,751,task_B
1751,752,task_B
1752,753,task_B
1753,754,task_B
1754,755,task_B
1755,756,task_B
1756,757,task_B
1757,758,task_B
1758,759,task_B
1759,760,task_B
1760,761,task_B
1761,762,task_B
1762,763,task_B
1763,764,task_B
1764,765,task_B
1765,766,task_B
1766,767,task_B
1767,768,task_B
1768,769,task_B
1769,770,task_B
1770,771,task_B
1771,772,task_B
1772,773,task_B
1773,774,task_B
1774,775,task_B
1775,776,task_B
1776,777,task_B
1777,778,task_B
1778,779,task_B
1779,780,task_B
1780,781,task_B
1781,782,task_B
1782,783,task_B
1783,784,task_B
1784,785,task_B
1785,786,task_B
1786,787,task_B
1787,788,task_B
1788,789,task_B
1789,790,task_B
1790,791,task_B
1791,792,task_B
1792,793,task_B
1793,794,task_B
1794,795,task_B
1795,796,task_B
1796,797,task_B
1797,798,task_B
1798,799,task_B
1799,800,task_B
1800,801,task_B
1801,802,task_B
1802,803,task_B
1803,804,task_B
1804,805,task_B
1805,806,task_B
1806,807,task_B
1807,808,task_B
1808,809,task_B
1809,810,task_B
1810,811,task_B
1811,812,task_B
1812,813,task_B
1813,814,task_B
1814,815,task_B
1815,816,task_B
1816,817,task_B
1817,818,task_B
1818,819,task_B
1819,820,task_B
1820,821,task_B
1821,822,task_B
1822,823,task_B
1823,824,task_B
1824,825,task_B
1825,826,task_B
1826,827,task_B
1827,828,task_B
1828,829,task_B
1829,830,task_B
1830,831,task_B
1831,832,task_B
1832,833,task_B
1833,834,task_B
1834,835,task_B
1835,836,task_B
1836,837,task_B
1837,838,task_B
1838,839,task_B
1839,840,task_B
1840,841,task_B
1841,842,task_B
1842,843,task_B
1843,844,task_B
1844,845,task_B
1845,846,task_B
1846,847,task_B
1847,848,task_B
1848,849,task_B
1849,850,task_B
1850,851,task_B
1851,852,task_B
1852,853,task_B
1853,854,task_B
1854,855,task_B
1855,856,task_B
1856,857,task_B
1857,858,task_B
1858,859,task_B
1859,860,task_B
1860,861,task_B
1861,862,task_B
1862,863,task_B
1863,864,task_B
1864,865,task_B
1865,866,task_B
1866,867,task_B
1867,868,task_B
1868,869,task_B
1869,870,task_B
1870,871,task_B
1871,872,task_B
1872,873,task_B
1873,874,task_B
1874,875,task_B
1875,876,task_B
1876,877,task_B
1877,878,task_B
1878,879,task_B
1879,880,task_B
1880,881,task_B
1881,882,task_B
1882,883,task_B
1883,884,task_B
1884,885,task_B
1885,886,task_B
1886,887,task_B
1887,888,task_B
1888,889,task_B
1889,890,task_B
1890,891,task_B
1891,892,task_B
1892,893,task_B
1893,894,task_B
1894,895,task_B
1895,896,task_B
1896,897,task_B
1897,898,task_B
1898,899,task_B
1899,900,task_B
1900,901,task_B
1901,902,task_B
1902,903,task_B
1903,904,task_B
1904,905,task_B
1905,906,task_B
1906,907,task_B
1907,908,task_B
1908,909,task_B
1909,910,task_B
1910,911,task_B
1911,912,task_B
1912,913,task_B
1913,914,task_B
1914,915,task_B
1915,916,task_B
1916,917,task_B
1917,918,task_B
1918,919,task_B
1919,920,task_B
1920,921,task_B
1921,922,task_B
1922,923,task_B
1923,924,task_B
1924,925,task_B
1925,926,task_B
1926,927,task_B
1927,928,task_B
1928,929,task_B
1929,930,task_B
1930,931,task_B
1931,932,task_B
1932,933,task_B
1933,934,task_B
1934,935,task_B
1935,936,task_B
1936,937,task_B
1937,938,task_B
1938,939,task_B
1939,940,task_B
1940,941,task_B
1941,942,task_B
1942,943,task_B
1943,944,task_B
1944,945,task_B
1945,946,task_B
1946,947,task_B
1947,948,task_B
1948,949,task_B
1949,950,task_B
1950,951,task_B
1951,952,task_B
1952,953,task_B
1953,954,task_B
1954,955,task_B
1955,956,task_B
1956,957,task_B
1957,958,task_B
1958,959,task_B
1959,960,task_B
1960,961,task_B
1961,962,task_B
1962,963,task_B
1963,964,task_B
1964,965,task_B
1965,966,task_B
1966,967,task_B
1967,968,task_B
1968,969,task_B
1969,970,task_B
1970,971,task_B
1971,972,task_B
1972,973,task_B
1973,974,task_B
1974,975,task_B
1975,976,task_B
1976,977,task_B
1977,978,task_B
1978,979,task_B
1979,980,task_B
1980,981,task_B
1981,982,task_B
1982,983,task_B
1983,984,task_B
1984,985,task_B
1985,986,task_B
1986,987,task_B
1987,988,task_B
1988,989,task_B
1989,990,task_B
1990,991,task_B
1991,992,task_B
1992,993,task_B
1993,994,task_B
1994,995,task_B
1995,996,task_B
1996,997,task_B
1997,998,task_B
1998,999,task_B
1999,1000,task_B
2000,1,task_C
2001,2,task_C
2002,3,task_C
2003,4,task_C
2004,5,task_C
2005,6,task_C
2006,7,task_C
2007,8,task_C
2008,9,task_C
2009,10,task_C
2010,11,task_C
2011,12,task_C
2012,13,task_C
2013,14,task_C
2014,15,task_C
2015,16,task_C
2016,17,task_C
2017,18,task_C
2018,19,task_C
2019,20,task_C
2020,21,task_C
2021,22,task_C
2022,23,task_C
2023,24,task_C
2024,25,task_C
2025,26,task_C
2026,27,task_C
2027,28,task_C
2028,29,task_C
2029,30,task_C
2030,31,task_C
2031,32,task_C
2032,33,task_C
2033,34,task_C
2034,35,task_C
2035,36,task_C
2036,37,task_C
2037,38,task_C
2038,39,task_C
2039,40,task_C
2040,41,task_C
2041,42,task_C
2042,43,task_C
2043,44,task_C
2044,45,task_C
2045,46,task_C
2046,47,task_C
2047,48,task_C
2048,49,task_C
2049,50,task_C
2050,51,task_C
2051,52,task_C
2052,53,task_C
2053,54,task_C
2054,55,task_C
2055,56,task_C
2056,57,task_C
2057,58,task_C
2058,59,task_C
2059,60,task_C
2060,61,task_C
2061,62,task_C
2062,63,task_C
2063,64,task_C
2064,65,task_C
2065,66,task_C
2066,67,task_C
2067,68,task_C
2068,69,task_C
2069,70,task_C
2070,71,task_C
2071,72,task_C
2072,73,task_C
2073,74,task_C
2074,75,task_C
2075,76,task_C
2076,77,task_C
2077,78,task_C
2078,79,task_C
2079,80,task_C
2080,81,task_C
2081,82,task_C
2082,83,task_C
2083,84,task_C
2084,85,task_C
2085,86,task_C
2086,87,task_C
2087,88,task_C
2088,89,task_C
2089,90,task_C
2090,91,task_C
2091,92,task_C
2092,93,task_C
2093,94,task_C
2094,95,task_C
2095,96,task_C
2096,97,task_C
2097,98,task_C
2098,99,task_C
2099,100,task_C
2100,101,task_C
2101,102,task_C
2102,103,task_C
2103,104,task_C
2104,105,task_C
2105,106,task_C
2106,107,task_C
2107,108,task_C
2108,109,task_C
2109,110,task_C
2110,111,task_C
2111,112,task_C
2112,113,task_C
2113,114,task_C
2114,115,task_C
2115,116,task_C
2116,117,task_C
2117,118,task_C
2118,119,task_C
2119,120,task_C
2120,121,task_C
2121,122,task_C
2122,123,task_C
2123,124,task_C
2124,125,task_C
2125,126,task_C
2126,127,task_C
2127,128,task_C
2128,129,task_C
2129,130,task_C
2130,131,task_C
2131,132,task_C
2132,133,task_C
2133,134,task_C
2134,135,task_C
2135,136,task_C
2136,137,task_C
2137,138,task_C
2138,139,task_C
2139,140,task_C
2140,141,task_C
2141,142,task_C
2142,143,task_C
2143,144,task_C
2144,145,task_C
2145,146,task_C
2146,147,task_C
2147,148,task_C
2148,149,task_C
2149,150,task_C
2150,151,task_C
2151,152,task_C
2152,153,task_C
2153,154,task_C
2154,155,task_C
2155,156,task_C
2156,157,task_C
2157,158,task_C
2158,159,task_C
2159,160,task_C
2160,161,task_C
2161,162,task_C
2162,163,task_C
2163,164,task_C
2164,165,task_C
2165,166,task_C
2166,167,task_C
2167,168,task_C
2168,169,task_C
2169,170,task_C
2170,171,task_C
2171,172,task_C
2172,173,task_C
2173,174,task_C
2174,175,task_C
2175,176,task_C
2176,177,task_C
2177,178,task_C
2178,179,task_C
2179,180,task_C
2180,181,task_C
2181,182,task_C
2182,183,task_C
2183,184,task_C
2184,185,task_C
2185,186,task_C
2186,187,task_C
2187,188,task_C
2188,189,task_C
2189,190,task_C
2190,191,task_C
2191,192,task_C
2192,193,task_C
2193,194,task_C
2194,195,task_C
2195,196,task_C
2196,197,task_C
2197,198,task_C
2198,199,task_C
2199,200,task_C
2200,201,task_C
2201,202,task_C
2202,203,task_C
2203,204,task_C
2204,205,task_C
2205,206,task_C
2206,207,task_C
2207,208,task_C
2208,209,task_C
2209,210,task_C
2210,211,task_C
2211,212,task_C
2212,213,task_C
2213,214,task_C
2214,215,task_C
2215,216,task_C
2216,217,task_C
2217,218,task_C
2218,219,task_C
2219,220,task_C
2220,221,task_C
2221,222,task_C
2222,223,task_C
2223,224,task_C
2224,225,task_C
2225,226,task_C
2226,227,task_C
2227,228,task_C
2228,229,task_C
2229,230,task_C
2230,231,task_C
2231,232,task_C
2232,233,task_C
2233,234,task_C
2234,235,task_C
2235,236,task_C
2236,237,task_C
2237,238,task_C
2238,239,task_C
2239,240,task_C
2240,241,task_C
2241,242,task_C
2242,243,task_C
2243,244,task_C
2244,245,task_C
2245,246,task_C
2246,247,task_C
2247,248,task_C
2248,249,task_C
2249,250,task_C
2250,251,task_C
2251,252,task_C
2252,253,task_C
2253,254,task_C
2254,255,task_C
2255,256,task_C
2256,257,task_C
2257,258,task_C
2258,259,task_C
2259,260,task_C
2260,261,task_C
2261,262,task_C
2262,263,task_C
2263,264,task_C
2264,265,task_C
2265,266,task_C
2266,267,task_C
2267,268,task_C
2268,269,task_C
2269,270,task_C
2270,271,task_C
2271,272,task_C
2272,273,task_C
2273,274,task_C
2274,275,task_C
2275,276,task_C
2276,277,task_C
2277,278,task_C
2278,279,task_C
2279,280,task_C
2280,281,task_C
2281,282,task_C
2282,283,task_C
2283,284,task_C
2284,285,task_C
2285,286,task_C
2286,287,task_C
2287,288,task_C
2288,289,task_C
2289,290,task_C
2290,291,task_C
2291,292,task_C
2292,293,task_C
2293,294,task_C
2294,295,task_C
2295,296,task_C
2296,297,task_C
2297,298,task_C
2298,299,task_C
2299,300,task_C
2300,301,task_C
2301,302,task_C
2302,303,task_C
2303,304,task_C
2304,305,task_C
2305,306,task_C
2306,307,task_C
2307,308,task_C
2308,309,task_C
2309,310,task_C
2310,311,task_C
2311,312,task_C
2312,313,task_C
2313,314,task_C
2314,315,task_C
2315,316,task_C
2316,317,task_C
2317,318,task_C
2318,319,task_C
2319,320,task_C
2320,321,task_C
2321,322,task_C
2322,323,task_C
2323,324,task_C
2324,325,task_C
2325,326,task_C
2326,327,task_C
2327,328,task_C
2328,329,task_C
2329,330,task_C
2330,331,task_C
2331,332,task_C
2332,333,task_C
2333,334,task_C
2334,335,task_C
2335,336,task_C
2336,337,task_C
2337,338,task_C
2338,339,task_C
2339,340,task_C
2340,341,task_C
2341,342,task_C
2342,343,task_C
2343,344,task_C
2344,345,task_C
2345,346,task_C
2346,347,task_C
2347,348,task_C
2348,349,task_C
2349,350,task_C
2350,351,task_C
2351,352,task_C
2352,353,task_C
2353,354,task_C
2354,355,task_C
2355,356,task_C
2356,357,task_C
2357,358,task_C
2358,359,task_C
2359,360,task_C
2360,361,task_C
2361,362,task_C
2362,363,task_C
2363,364,task_C
2364,365,task_C
2365,366,task_C
2366,367,task_C
2367,368,task_C
2368,369,task_C
2369,370,task_C
2370,371,task_C
2371,372,task_C
2372,373,task_C
2373,374,task_C
2374,375,task_C
2375,376,task_C
2376,377,task_C
2377,378,task_C
2378,379,task_C
2379,380,task_C
2380,381,task_C
2381,382,task_C
2382,383,task_C
2383,384,task_C
2384,385,task_C
2385,386,task_C
2386,387,task_C
2387,388,task_C
2388,389,task_C
2389,390,task_C
2390,391,task_C
2391,392,task_C
2392,393,task_C
2393,394,task_C
2394,395,task_C
2395,396,task_C
2396,397,task_C
2397,398,task_C
2398,399,task_C
2399,400,task_C
2400,401,task_C
2401,402,task_C
2402,403,task_C
2403,404,task_C
2404,405,task_C
2405,406,task_C
2406,407,task_C
2407,408,task_C
2408,409,task_C
2409,410,task_C
2410,411,task_C
2411,412,task_C
2412,413,task_C
2413,414,task_C
2414,415,task_C
2415,416,task_C
2416,417,task_C
2417,418,task_C
2418,419,task_C
2419,420,task_C
2420,421,task_C
2421,422,task_C
2422,423,task_C
2423,424,task_C
2424,425,task_C
2425,426,task_C
2426,427,task_C
2427,428,task_C
2428,429,task_C
2429,430,task_C
2430,431,task_C
2431,432,task_C
2432,433,task_C
2433,434,task_C
2434,435,task_C
2435,436,task_C
2436,437,task_C
2437,438,task_C
2438,439,task_C
2439,440,task_C
2440,441,task_C
2441,442,task_C
2442,443,task_C
2443,444,task_C
2444,445,task_C
2445,446,task_C
2446,447,task_C
2447,448,task_C
2448,449,task_C
2449,450,task_C
2450,451,task_C
2451,452,task_C
2452,453,task_C
2453,454,task_C
2454,455,task_C
2455,456,task_C
2456,457,task_C
2457,458,task_C
2458,459,task_C
2459,460,task_C
2460,461,task_C
2461,462,task_C
2462,463,task_C
2463,464,task_C
2464,465,task_C
2465,466,task_C
2466,467,task_C
2467,468,task_C
2468,469,task_C
2469,470,task_C
2470,471,task_C
2471,472,task_C
2472,473,task_C
2473,474,task_C
2474,475,task_C
2475,476,task_C
2476,477,task_C
2477,478,task_C
2478,479,task_C
2479,480,task_C
2480,481,task_C
2481,482,task_C
2482,483,task_C
2483,484,task_C
2484,485,task_C
2485,486,task_C
2486,487,task_C
2487,488,task_C
2488,489,task_C
2489,490,task_C
2490,491,task_C
2491,492,task_C
2492,493,task_C
2493,494,task_C
2494,495,task_C
2495,496,task_C
2496,497,task_C
2497,498,task_C
2498,499,task_C
2499,500,task_C
2500,501,task_C
2501,502,task_C
2502,503,task_C
2503,504,task_C
2504,505,task_C
2505,506,task_C
2506,507,task_C
2507,508,task_C
2508,509,task_C
2509,510,task_C
2510,511,task_C
2511,512,task_C
2512,513,task_C
2513,514,task_C
2514,515,task_C
2515,516,task_C
2516,517,task_C
2517,518,task_C
2518,519,task_C
2519,520,task_C
2520,521,task_C
2521,522,task_C
2522,523,task_C
2523,524,task_C
2524,525,task_C
2525,526,task_C
2526,527,task_C
2527,528,task_C
2528,529,task_C
2529,530,task_C
2530,531,task_C
2531,532,task_C
2532,533,task_C
2533,534,task_C
2534,535,task_C
2535,536,task_C
2536,537,task_C
2537,538,task_C
2538,539,task_C
2539,540,task_C
2540,541,task_C
2541,542,task_C
2542,543,task_C
2543,544,task_C
2544,545,task_C
2545,546,task_C
2546,547,task_C
2547,548,task_C
2548,549,task_C
2549,550,task_C
2550,551,task_C
2551,552,task_C
2552,553,task_C
2553,554,task_C
2554,555,task_C
2555,556,task_C
2556,557,task_C
2557,558,task_C
2558,559,task_C
2559,560,task_C
2560,561,task_C
2561,562,task_C
2562,563,task_C
2563,564,task_C
2564,565,task_C
2565,566,task_C
2566,567,task_C
2567,568,task_C
2568,569,task_C
2569,570,task_C
2570,571,task_C
2571,572,task_C
2572,573,task_C
2573,574,task_C
2574,575,task_C
2575,576,task_C
2576,577,task_C
2577,578,task_C
2578,579,task_C
2579,580,task_C
2580,581,task_C
2581,582,task_C
2582,583,task_C
2583,584,task_C
2584,585,task_C
2585,586,task_C
2586,587,task_C
2587,588,task_C
2588,589,task_C
2589,590,task_C
2590,591,task_C
2591,592,task_C
2592,593,task_C
2593,594,task_C
2594,595,task_C
2595,596,task_C
2596,597,task_C
2597,598,task_C
2598,599,task_C
2599,600,task_C
2600,601,task_C
2601,602,task_C
2602,603,task_C
2603,604,task_C
2604,605,task_C
2605,606,task_C
2606,607,task_C
2607,608,task_C
2608,609,task_C
2609,610,task_C
2610,611,task_C
2611,612,task_C
2612,613,task_C
2613,614,task_C
2614,615,task_C
2615,616,task_C
2616,617,task_C
2617,618,task_C
2618,619,task_C
2619,620,task_C
2620,621,task_C
2621,622,task_C
2622,623,task_C
2623,624,task_C
2624,625,task_C
2625,626,task_C
2626,627,task_C
2627,628,task_C
2628,629,task_C
2629,630,task_C
2630,631,task_C
2631,632,task_C
2632,633,task_C
2633,634,task_C
2634,635,task_C
2635,636,task_C
2636,637,task_C
2637,638,task_C
2638,639,task_C
2639,640,task_C
2640,641,task_C
2641,642,task_C
2642,643,task_C
2643,644,task_C
2644,645,task_C
2645,646,task_C
2646,647,task_C
2647,648,task_C
2648,649,task_C
2649,650,task_C
2650,651,task_C
2651,652,task_C
2652,653,task_C
2653,654,task_C
2654,655,task_C
2655,656,task_C
2656,657,task_C
2657,658,task_C
2658,659,task_C
2659,660,task_C
2660,661,task_C
2661,662,task_C
2662,663,task_C
2663,664,task_C
2664,665,task_C
2665,666,task_C
2666,667,task_C
2667,668,task_C
2668,669,task_C
2669,670,task_C
2670,671,task_C
2671,672,task_C
2672,673,task_C
2673,674,task_C
2674,675,task_C
2675,676,task_C
2676,677,task_C
2677,678,task_C
2678,679,task_C
2679,680,task_C
2680,681,task_C
2681,682,task_C
2682,683,task_C
2683,684,task_C
2684,685,task_C
2685,686,task_C
2686,687,task_C
2687,688,task_C
2688,689,task_C
2689,690,task_C
2690,691,task_C
2691,692,task_C
2692,693,task_C
2693,694,task_C
2694,695,task_C
2695,696,task_C
2696,697,task_C
2697,698,task_C
2698,699,task_C
2699,700,task_C
2700,701,task_C
2701,702,task_C
2702,703,task_C
2703,704,task_C
2704,705,task_C
2705,706,task_C
2706,707,task_C
2707,708,task_C
2708,709,task_C
2709,710,task_C
2710,711,task_C
2711,712,task_C
2712,713,task_C
2713,714,task_C
2714,715,task_C
2715,716,task_C
2716,717,task_C
2717,718,task_C
2718,719,task_C
2719,720,task_C
2720,721,task_C
2721,722,task_C
2722,723,task_C
2723,724,task_C
2724,725,task_C
2725,726,task_C
2726,727,task_C
2727,728,task_C
2728,729,task_C
2729,730,task_C
2730,731,task_C
2731,732,task_C
2732,733,task_C
2733,734,task_C
2734,735,task_C
2735,736,task_C
2736,737,task_C
2737,738,task_C
2738,739,task_C
2739,740,task_C
2740,741,task_C
2741,742,task_C
2742,743,task_C
2743,744,task_C
2744,745,task_C
2745,746,task_C
2746,747,task_C
2747,748,task_C
2748,749,task_C
2749,750,task_C
2750,751,task_C
2751,752,task_C
2752,753,task_C
2753,754,task_C
2754,755,task_C
2755,756,task_C
2756,757,task_C
2757,758,task_C
2758,759,task_C
2759,760,task_C
2760,761,task_C
2761,762,task_C
2762,763,task_C
2763,764,task_C
2764,765,task_C
2765,766,task_C
2766,767,task_C
2767,768,task_C
2768,769,task_C
2769,770,task_C
2770,771,task_C
2771,772,task_C
2772,773,task_C
2773,774,task_C
2774,775,task_C
2775,776,task_C
2776,777,task_C
2777,778,task_C
2778,779,task_C
2779,780,task_C
2780,781,task_C
2781,782,task_C
2782,783,task_C
2783,784,task_C
2784,785,task_C
2785,786,task_C
2786,787,task_C
2787,788,task_C
2788,789,task_C
2789,790,task_C
2790,791,task_C
2791,792,task_C
2792,793,task_C
2793,794,task_C
2794,795,task_C
2795,796,task_C
2796,797,task_C
2797,798,task_C
2798,799,task_C
2799,800,task_C
2800,801,task_C
2801,802,task_C
2802,803,task_C
2803,804,task_C
2804,805,task_C
2805,806,task_C
2806,807,task_C
2807,808,task_C
2808,809,task_C
2809,810,task_C
2810,811,task_C
2811,812,task_C
2812,813,task_C
2813,814,task_C
2814,815,task_C
2815,816,task_C
2816,817,task_C
2817,818,task_C
2818,819,task_C
2819,820,task_C
2820,821,task_C
2821,822,task_C
2822,823,task_C
2823,824,task_C
2824,825,task_C
2825,826,task_C
2826,827,task_C
2827,828,task_C
2828,829,task_C
2829,830,task_C
2830,831,task_C
2831,832,task_C
2832,833,task_C
2833,834,task_C
2834,835,task_C
2835,836,task_C
2836,837,task_C
2837,838,task_C
2838,839,task_C
2839,840,task_C
2840,841,task_C
2841,842,task_C
2842,843,task_C
2843,844,task_C
2844,845,task_C
2845,846,task_C
2846,847,task_C
2847,848,task_C
2848,849,task_C
2849,850,task_C
2850,851,task_C
2851,852,task_C
2852,853,task_C
2853,854,task_C
2854,855,task_C
2855,856,task_C
2856,857,task_C
2857,858,task_C
2858,859,task_C
2859,860,task_C
2860,861,task_C
2861,862,task_C
2862,863,task_C
2863,864,task_C
2864,865,task_C
2865,866,task_C
2866,867,task_C
2867,868,task_C
2868,869,task_C
2869,870,task_C
2870,871,task_C
2871,872,task_C
2872,873,task_C
2873,874,task_C
2874,875,task_C
2875,876,task_C
2876,877,task_C
2877,878,task_C
2878,879,task_C
2879,880,task_C
2880,881,task_C
2881,882,task_C
2882,883,task_C
2883,884,task_C
2884,885,task_C
2885,886,task_C
2886,887,task_C
2887,888,task_C
2888,889,task_C
2889,890,task_C
2890,891,task_C
2891,892,task_C
2892,893,task_C
2893,894,task_C
2894,895,task_C
2895,896,task_C
2896,897,task_C
2897,898,task_C
2898,899,task_C
2899,900,task_C
2900,901,task_C
2901,902,task_C
2902,903,task_C
2903,904,task_C
2904,905,task_C
2905,906,task_C
2906,907,task_C
2907,908,task_C
2908,909,task_C
2909,910,task_C
2910,911,task_C
2911,912,task_C
2912,913,task_C
2913,914,task_C
2914,915,task_C
2915,916,task_C
2916,917,task_C
2917,918,task_C
2918,919,task_C
2919,920,task_C
2920,921,task_C
2921,922,task_C
2922,923,task_C
2923,924,task_C
2924,925,task_C
2925,926,task_C
2926,927,task_C
2927,928,task_C
2928,929,task_C
2929,930,task_C
2930,931,task_C
2931,932,task_C
2932,933,task_C
2933,934,task_C
2934,935,task_C
2935,936,task_C
2936,937,task_C
2937,938,task_C
2938,939,task_C
2939,940,task_C
2940,941,task_C
2941,942,task_C
2942,943,task_C
2943,944,task_C
2944,945,task_C
2945,946,task_C
2946,947,task_C
2947,948,task_C
2948,949,task_C
2949,950,task_C
2950,951,task_C
2951,952,task_C
2952,953,task_C
2953,954,task_C
2954,955,task_C
2955,956,task_C
2956,957,task_C
2957,958,task_C
2958,959,task_C
2959,960,task_C
2960,961,task_C
2961,962,task_C
2962,963,task_C
2963,964,task_C
2964,965,task_C
2965,966,task_C
2966,967,task_C
2967,968,task_C
2968,969,task_C
2969,970,task_C
2970,971,task_C
2971,972,task_C
2972,973,task_C
2973,974,task_C
2974,975,task_C
2975,976,task_C
2976,977,task_C
2977,978,task_C
2978,979,task_C
2979,980,task_C
2980,981,task_C
2981,982,task_C
2982,983,task_C
2983,984,task_C
2984,985,task_C
2985,986,task_C
2986,987,task_C
2987,988,task_C
2988,989,task_C
2989,990,task_C
2990,991,task_C
2991,992,task_C
2992,993,task_C
2993,994,task_C
2994,995,task_C
2995,996,task_C
2996,997,task_C
2997,998,task_C
2998,999,task_C
2999,1000,task_C
3000,1,task_D
3001,2,task_D
3002,3,task_D
3003,4,task_D
3004,5,task_D
3005,6,task_D
3006,7,task_D
3007,8,task_D
3008,9,task_D
3009,10,task_D
3010,11,task_D
3011,12,task_D
3012,13,task_D
3013,14,task_D
3014,15,task_D
3015,16,task_D
3016,17,task_D
3017,18,task_D
3018,19,task_D
3019,20,task_D
3020,21,task_D
3021,22,task_D
3022,23,task_D
3023,24,task_D
3024,25,task_D
3025,26,task_D
3026,27,task_D
3027,28,task_D
3028,29,task_D
3029,30,task_D
3030,31,task_D
3031,32,task_D
3032,33,task_D
3033,34,task_D
3034,35,task_D
3035,36,task_D
3036,37,task_D
3037,38,task_D
3038,39,task_D
3039,40,task_D
3040,41,task_D
3041,42,task_D
3042,43,task_D
3043,44,task_D
3044,45,task_D
3045,46,task_D
3046,47,task_D
3047,48,task_D
3048,49,task_D
3049,50,task_D
3050,51,task_D
3051,52,task_D
3052,53,task_D
3053,54,task_D
3054,55,task_D
3055,56,task_D
3056,57,task_D
3057,58,task_D
3058,59,task_D
3059,60,task_D
3060,61,task_D
3061,62,task_D
3062,63,task_D
3063,64,task_D
3064,65,task_D
3065,66,task_D
3066,67,task_D
3067,68,task_D
3068,69,task_D
3069,70,task_D
3070,71,task_D
3071,72,task_D
3072,73,task_D
3073,74,task_D
3074,75,task_D
3075,76,task_D
3076,77,task_D
3077,78,task_D
3078,79,task_D
3079,80,task_D
3080,81,task_D
3081,82,task_D
3082,83,task_D
3083,84,task_D
3084,85,task_D
3085,86,task_D
3086,87,task_D
3087,88,task_D
3088,89,task_D
3089,90,task_D
3090,91,task_D
3091,92,task_D
3092,93,task_D
3093,94,task_D
3094,95,task_D
3095,96,task_D
3096,97,task_D
3097,98,task_D
3098,99,task_D
3099,100,task_D
3100,101,task_D
3101,102,task_D
3102,103,task_D
3103,104,task_D
3104,105,task_D
3105,106,task_D
3106,107,task_D
3107,108,task_D
3108,109,task_D
3109,110,task_D
3110,111,task_D
3111,112,task_D
3112,113,task_D
3113,114,task_D
3114,115,task_D
3115,116,task_D
3116,117,task_D
3117,118,task_D
3118,119,task_D
3119,120,task_D
3120,121,task_D
3121,122,task_D
3122,123,task_D
3123,124,task_D
3124,125,task_D
3125,126,task_D
3126,127,task_D
3127,128,task_D
3128,129,task_D
3129,130,task_D
3130,131,task_D
3131,132,task_D
3132,133,task_D
3133,134,task_D
3134,135,task_D
3135,136,task_D
3136,137,task_D
3137,138,task_D
3138,139,task_D
3139,140,task_D
3140,141,task_D
3141,142,task_D
3142,143,task_D
3143,144,task_D
3144,145,task_D
3145,146,task_D
3146,147,task_D
3147,148,task_D
3148,149,task_D
3149,150,task_D
3150,151,task_D
3151,152,task_D
3152,153,task_D
3153,154,task_D
3154,155,task_D
3155,156,task_D
3156,157,task_D
3157,158,task_D
3158,159,task_D
3159,160,task_D
3160,161,task_D
3161,162,task_D
3162,163,task_D
3163,164,task_D
3164,165,task_D
3165,166,task_D
3166,167,task_D
3167,168,task_D
3168,169,task_D
3169,170,task_D
3170,171,task_D
3171,172,task_D
3172,173,task_D
3173,174,task_D
3174,175,task_D
3175,176,task_D
3176,177,task_D
3177,178,task_D
3178,179,task_D
3179,180,task_D
3180,181,task_D
3181,182,task_D
3182,183,task_D
3183,184,task_D
3184,185,task_D
3185,186,task_D
3186,187,task_D
3187,188,task_D
3188,189,task_D
3189,190,task_D
3190,191,task_D
3191,192,task_D
3192,193,task_D
3193,194,task_D
3194,195,task_D
3195,196,task_D
3196,197,task_D
3197,198,task_D
3198,199,task_D
3199,200,task_D
3200,201,task_D
3201,202,task_D
3202,203,task_D
3203,204,task_D
3204,205,task_D
3205,206,task_D
3206,207,task_D
3207,208,task_D
3208,209,task_D
3209,210,task_D
3210,211,task_D
3211,212,task_D
3212,213,task_D
3213,214,task_D
3214,215,task_D
3215,216,task_D
3216,217,task_D
3217,218,task_D
3218,219,task_D
3219,220,task_D
3220,221,task_D
3221,222,task_D
3222,223,task_D
3223,224,task_D
3224,225,task_D
3225,226,task_D
3226,227,task_D
3227,228,task_D
3228,229,task_D
3229,230,task_D
3230,231,task_D
3231,232,task_D
3232,233,task_D
3233,234,task_D
3234,235,task_D
3235,236,task_D
3236,237,task_D
3237,238,task_D
3238,239,task_D
3239,240,task_D
3240,241,task_D
3241,242,task_D
3242,243,task_D
3243,244,task_D
3244,245,task_D
3245,246,task_D
3246,247,task_D
3247,248,task_D
3248,249,task_D
3249,250,task_D
3250,251,task_D
3251,252,task_D
3252,253,task_D
3253,254,task_D
3254,255,task_D
3255,256,task_D
3256,257,task_D
3257,258,task_D
3258,259,task_D
3259,260,task_D
3260,261,task_D
3261,262,task_D
3262,263,task_D
3263,264,task_D
3264,265,task_D
3265,266,task_D
3266,267,task_D
3267,268,task_D
3268,269,task_D
3269,270,task_D
3270,271,task_D
3271,272,task_D
3272,273,task_D
3273,274,task_D
3274,275,task_D
3275,276,task_D
3276,277,task_D
3277,278,task_D
3278,279,task_D
3279,280,task_D
3280,281,task_D
3281,282,task_D
3282,283,task_D
3283,284,task_D
3284,285,task_D
3285,286,task_D
3286,287,task_D
3287,288,task_D
3288,289,task_D
3289,290,task_D
3290,291,task_D
3291,292,task_D
3292,293,task_D
3293,294,task_D
3294,295,task_D
3295,296,task_D
3296,297,task_D
3297,298,task_D
3298,299,task_D
3299,300,task_D
3300,301,task_D
3301,302,task_D
3302,303,task_D
3303,304,task_D
3304,305,task_D
3305,306,task_D
3306,307,task_D
3307,308,task_D
3308,309,task_D
3309,310,task_D
3310,311,task_D
3311,312,task_D
3312,313,task_D
3313,314,task_D
3314,315,task_D
3315,316,task_D
3316,317,task_D
3317,318,task_D
3318,319,task_D
3319,320,task_D
3320,321,task_D
3321,322,task_D
3322,323,task_D
3323,324,task_D
3324,325,task_D
3325,326,task_D
3326,327,task_D
3327,328,task_D
3328,329,task_D
3329,330,task_D
3330,331,task_D
3331,332,task_D
3332,333,task_D
3333,334,task_D
3334,335,task_D
3335,336,task_D
3336,337,task_D
3337,338,task_D
3338,339,task_D
3339,340,task_D
3340,341,task_D
3341,342,task_D
3342,343,task_D
3343,344,task_D
3344,345,task_D
3345,346,task_D
3346,347,task_D
3347,348,task_D
3348,349,task_D
3349,350,task_D
3350,351,task_D
3351,352,task_D
3352,353,task_D
3353,354,task_D
3354,355,task_D
3355,356,task_D
3356,357,task_D
3357,358,task_D
3358,359,task_D
3359,360,task_D
3360,361,task_D
3361,362,task_D
3362,363,task_D
3363,364,task_D
3364,365,task_D
3365,366,task_D
3366,367,task_D
3367,368,task_D
3368,369,task_D
3369,370,task_D
3370,371,task_D
3371,372,task_D
3372,373,task_D
3373,374,task_D
3374,375,task_D
3375,376,task_D
3376,377,task_D
3377,378,task_D
3378,379,task_D
3379,380,task_D
3380,381,task_D
3381,382,task_D
3382,383,task_D
3383,384,task_D
3384,385,task_D
3385,386,task_D
3386,387,task_D
3387,388,task_D
3388,389,task_D
3389,390,task_D
3390,391,task_D
3391,392,task_D
3392,393,task_D
3393,394,task_D
3394,395,task_D
3395,396,task_D
3396,397,task_D
3397,398,task_D
3398,399,task_D
3399,400,task_D
3400,401,task_D
3401,402,task_D
3402,403,task_D
3403,404,task_D
3404,405,task_D
3405,406,task_D
3406,407,task_D
3407,408,task_D
3408,409,task_D
3409,410,task_D
3410,411,task_D
3411,412,task_D
3412,413,task_D
3413,414,task_D
3414,415,task_D
3415,416,task_D
3416,417,task_D
3417,418,task_D
3418,419,task_D
3419,420,task_D
3420,421,task_D
3421,422,task_D
3422,423,task_D
3423,424,task_D
3424,425,task_D
3425,426,task_D
3426,427,task_D
3427,428,task_D
3428,429,task_D
3429,430,task_D
3430,431,task_D
3431,432,task_D
3432,433,task_D
3433,434,task_D
3434,435,task_D
3435,436,task_D
3436,437,task_D
3437,438,task_D
3438,439,task_D
3439,440,task_D
3440,441,task_D
3441,442,task_D
3442,443,task_D
3443,444,task_D
3444,445,task_D
3445,446,task_D
3446,447,task_D
3447,448,task_D
3448,449,task_D
3449,450,task_D
3450,451,task_D
3451,452,task_D
3452,453,task_D
3453,454,task_D
3454,455,task_D
3455,456,task_D
3456,457,task_D
3457,458,task_D
3458,459,task_D
3459,460,task_D
3460,461,task_D
3461,462,task_D
3462,463,task_D
3463,464,task_D
3464,465,task_D
3465,466,task_D
3466,467,task_D
3467,468,task_D
3468,469,task_D
3469,470,task_D
3470,471,task_D
3471,472,task_D
3472,473,task_D
3473,474,task_D
3474,475,task_D
3475,476,task_D
3476,477,task_D
3477,478,task_D
3478,479,task_D
3479,480,task_D
3480,481,task_D
3481,482,task_D
3482,483,task_D
3483,484,task_D
3484,485,task_D
3485,486,task_D
3486,487,task_D
3487,488,task_D
3488,489,task_D
3489,490,task_D
3490,491,task_D
3491,492,task_D
3492,493,task_D
3493,494,task_D
3494,495,task_D
3495,496,task_D
3496,497,task_D
3497,498,task_D
3498,499,task_D
3499,500,task_D
3500,501,task_D
3501,502,task_D
3502,503,task_D
3503,504,task_D
3504,505,task_D
3505,506,task_D
3506,507,task_D
3507,508,task_D
3508,509,task_D
3509,510,task_D
3510,511,task_D
3511,512,task_D
3512,513,task_D
3513,514,task_D
3514,515,task_D
3515,516,task_D
3516,517,task_D
3517,518,task_D
3518,519,task_D
3519,520,task_D
3520,521,task_D
3521,522,task_D
3522,523,task_D
3523,524,task_D
3524,525,task_D
3525,526,task_D
3526,527,task_D
3527,528,task_D
3528,529,task_D
3529,530,task_D
3530,531,task_D
3531,532,task_D
3532,533,task_D
3533,534,task_D
3534,535,task_D
3535,536,task_D
3536,537,task_D
3537,538,task_D
3538,539,task_D
3539,540,task_D
3540,541,task_D
3541,542,task_D
3542,543,task_D
3543,544,task_D
3544,545,task_D
3545,546,task_D
3546,547,task_D
3547,548,task_D
3548,549,task_D
3549,550,task_D
3550,551,task_D
3551,552,task_D
3552,553,task_D
3553,554,task_D
3554,555,task_D
3555,556,task_D
3556,557,task_D
3557,558,task_D
3558,559,task_D
3559,560,task_D
3560,561,task_D
3561,562,task_D
3562,563,task_D
3563,564,task_D
3564,565,task_D
3565,566,task_D
3566,567,task_D
3567,568,task_D
3568,569,task_D
3569,570,task_D
3570,571,task_D
3571,572,task_D
3572,573,task_D
3573,574,task_D
3574,575,task_D
3575,576,task_D
3576,577,task_D
3577,578,task_D
3578,579,task_D
3579,580,task_D
3580,581,task_D
3581,582,task_D
3582,583,task_D
3583,584,task_D
3584,585,task_D
3585,586,task_D
3586,587,task_D
3587,588,task_D
3588,589,task_D
3589,590,task_D
3590,591,task_D
3591,592,task_D
3592,593,task_D
3593,594,task_D
3594,595,task_D
3595,596,task_D
3596,597,task_D
3597,598,task_D
3598,599,task_D
3599,600,task_D
3600,601,task_D
3601,602,task_D
3602,603,task_D
3603,604,task_D
3604,605,task_D
3605,606,task_D
3606,607,task_D
3607,608,task_D
3608,609,task_D
3609,610,task_D
3610,611,task_D
3611,612,task_D
3612,613,task_D
3613,614,task_D
3614,615,task_D
3615,616,task_D
3616,617,task_D
3617,618,task_D
3618,619,task_D
3619,620,task_D
3620,621,task_D
3621,622,task_D
3622,623,task_D
3623,624,task_D
3624,625,task_D
3625,626,task_D
3626,627,task_D
3627,628,task_D
3628,629,task_D
3629,630,task_D
3630,631,task_D
3631,632,task_D
3632,633,task_D
3633,634,task_D
3634,635,task_D
3635,636,task_D
3636,637,task_D
3637,638,task_D
3638,639,task_D
3639,640,task_D
3640,641,task_D
3641,642,task_D
3642,643,task_D
3643,644,task_D
3644,645,task_D
3645,646,task_D
3646,647,task_D
3647,648,task_D
3648,649,task_D
3649,650,task_D
3650,651,task_D
3651,652,task_D
3652,653,task_D
3653,654,task_D
3654,655,task_D
3655,656,task_D
3656,657,task_D
3657,658,task_D
3658,659,task_D
3659,660,task_D
3660,661,task_D
3661,662,task_D
3662,663,task_D
3663,664,task_D
3664,665,task_D
3665,666,task_D
3666,667,task_D
3667,668,task_D
3668,669,task_D
3669,670,task_D
3670,671,task_D
3671,672,task_D
3672,673,task_D
3673,674,task_D
3674,675,task_D
3675,676,task_D
3676,677,task_D
3677,678,task_D
3678,679,task_D
3679,680,task_D
3680,681,task_D
3681,682,task_D
3682,683,task_D
3683,684,task_D
3684,685,task_D
3685,686,task_D
3686,687,task_D
3687,688,task_D
3688,689,task_D
3689,690,task_D
3690,691,task_D
3691,692,task_D
3692,693,task_D
3693,694,task_D
3694,695,task_D
3695,696,task_D
3696,697,task_D
3697,698,task_D
3698,699,task_D
3699,700,task_D
3700,701,task_D
3701,702,task_D
3702,703,task_D
3703,704,task_D
3704,705,task_D
3705,706,task_D
3706,707,task_D
3707,708,task_D
3708,709,task_D
3709,710,task_D
3710,711,task_D
3711,712,task_D
3712,713,task_D
3713,714,task_D
3714,715,task_D
3715,716,task_D
3716,717,task_D
3717,718,task_D
3718,719,task_D
3719,720,task_D
3720,721,task_D
3721,722,task_D
3722,723,task_D
3723,724,task_D
3724,725,task_D
3725,726,task_D
3726,727,task_D
3727,728,task_D
3728,729,task_D
3729,730,task_D
3730,731,task_D
3731,732,task_D
3732,733,task_D
3733,734,task_D
3734,735,task_D
3735,736,task_D
3736,737,task_D
3737,738,task_D
3738,739,task_D
3739,740,task_D
3740,741,task_D
3741,742,task_D
3742,743,task_D
3743,744,task_D
3744,745,task_D
3745,746,task_D
3746,747,task_D
3747,748,task_D
3748,749,task_D
3749,750,task_D
3750,751,task_D
3751,752,task_D
3752,753,task_D
3753,754,task_D
3754,755,task_D
3755,756,task_D
3756,757,task_D
3757,758,task_D
3758,759,task_D
3759,760,task_D
3760,761,task_D
3761,762,task_D
3762,763,task_D
3763,764,task_D
3764,765,task_D
3765,766,task_D
3766,767,task_D
3767,768,task_D
3768,769,task_D
3769,770,task_D
3770,771,task_D
3771,772,task_D
3772,773,task_D
3773,774,task_D
3774,775,task_D
3775,776,task_D
3776,777,task_D
3777,778,task_D
3778,779,task_D
3779,780,task_D
3780,781,task_D
3781,782,task_D
3782,783,task_D
3783,784,task_D
3784,785,task_D
3785,786,task_D
3786,787,task_D
3787,788,task_D
3788,789,task_D
3789,790,task_D
3790,791,task_D
3791,792,task_D
3792,793,task_D
3793,794,task_D
3794,795,task_D
3795,796,task_D
3796,797,task_D
3797,798,task_D
3798,799,task_D
3799,800,task_D
3800,801,task_D
3801,802,task_D
3802,803,task_D
3803,804,task_D
3804,805,task_D
3805,806,task_D
3806,807,task_D
3807,808,task_D
3808,809,task_D
3809,810,task_D
3810,811,task_D
3811,812,task_D
3812,813,task_D
3813,814,task_D
3814,815,task_D
3815,816,task_D
3816,817,task_D
3817,818,task_D
3818,819,task_D
3819,820,task_D
3820,821,task_D
3821,822,task_D
3822,823,task_D
3823,824,task_D
3824,825,task_D
3825,826,task_D
3826,827,task_D
3827,828,task_D
3828,829,task_D
3829,830,task_D
3830,831,task_D
3831,832,task_D
3832,833,task_D
3833,834,task_D
3834,835,task_D
3835,836,task_D
3836,837,task_D
3837,838,task_D
3838,839,task_D
3839,840,task_D
3840,841,task_D
3841,842,task_D
3842,843,task_D
3843,844,task_D
3844,845,task_D
3845,846,task_D
3846,847,task_D
3847,848,task_D
3848,849,task_D
3849,850,task_D
3850,851,task_D
3851,852,task_D
3852,853,task_D
3853,854,task_D
3854,855,task_D
3855,856,task_D
3856,857,task_D
3857,858,task_D
3858,859,task_D
3859,860,task_D
3860,861,task_D
3861,862,task_D
3862,863,task_D
3863,864,task_D
3864,865,task_D
3865,866,task_D
3866,867,task_D
3867,868,task_D
3868,869,task_D
3869,870,task_D
3870,871,task_D
3871,872,task_D
3872,873,task_D
3873,874,task_D
3874,875,task_D
3875,876,task_D
3876,877,task_D
3877,878,task_D
3878,879,task_D
3879,880,task_D
3880,881,task_D
3881,882,task_D
3882,883,task_D
3883,884,task_D
3884,885,task_D
3885,886,task_D
3886,887,task_D
3887,888,task_D
3888,889,task_D
3889,890,task_D
3890,891,task_D
3891,892,task_D
3892,893,task_D
3893,894,task_D
3894,895,task_D
3895,896,task_D
3896,897,task_D
3897,898,task_D
3898,899,task_D
3899,900,task_D
3900,901,task_D
3901,902,task_D
3902,903,task_D
3903,904,task_D
3904,905,task_D
3905,906,task_D
3906,907,task_D
3907,908,task_D
3908,909,task_D
3909,910,task_D
3910,911,task_D
3911,912,task_D
3912,913,task_D
3913,914,task_D
3914,915,task_D
3915,916,task_D
3916,917,task_D
3917,918,task_D
3918,919,task_D
3919,920,task_D
3920,921,task_D
3921,922,task_D
3922,923,task_D
3923,924,task_D
3924,925,task_D
3925,926,task_D
3926,927,task_D
3927,928,task_D
3928,929,task_D
3929,930,task_D
3930,931,task_D
3931,932,task_D
3932,933,task_D
3933,934,task_D
3934,935,task_D
3935,936,task_D
3936,937,task_D
3937,938,task_D
3938,939,task_D
3939,940,task_D
3940,941,task_D
3941,942,task_D
3942,943,task_D
3943,944,task_D
3944,945,task_D
3945,946,task_D
3946,947,task_D
3947,948,task_D
3948,949,task_D
3949,950,task_D
3950,951,task_D
3951,952,task_D
3952,953,task_D
3953,954,task_D
3954,955,task_D
3955,956,task_D
3956,957,task_D
3957,958,task_D
3958,959,task_D
3959,960,task_D
3960,961,task_D
3961,962,task_D
3962,963,task_D
3963,964,task_D
3964,965,task_D
3965,966,task_D
3966,967,task_D
3967,968,task_D
3968,969,task_D
3969,970,task_D
3970,971,task_D
3971,972,task_D
3972,973,task_D
3973,974,task_D
3974,975,task_D
3975,976,task_D
3976,977,task_D
3977,978,task_D
3978,979,task_D
3979,980,task_D
3980,981,task_D
3981,982,task_D
3982,983,task_D
3983,984,task_D
3984,985,task_D
3985,986,task_D
3986,987,task_D
3987,988,task_D
3988,989,task_D
3989,990,task_D
3990,991,task_D
3991,992,task_D
3992,993,task_D
3993,994,task_D
3994,995,task_D
3995,996,task_D
3996,997,task_D
3997,998,task_D
3998,999,task_D
3999,1000,task_D
