,progress
0,
1,finished
2,finished
3,finished
4,finished
5,finished
6,finished
7,finished
8,finished
9,finished
10,finished
11,finished
12,finished
13,finished
14,finished
15,finished
16,finished
17,finished
18,finished
19,finished
20,finished
21,finished
22,finished
23,finished
24,finished
25,finished
26,finished
27,finished
28,finished
29,finished
30,finished
31,finished
32,finished
33,finished
34,finished
35,finished
36,finished
37,finished
38,finished
39,finished
40,finished
41,finished
42,finished
43,finished
44,finished
45,finished
46,finished
47,finished
48,finished
49,finished
50,finished
51,finished
52,finished
53,finished
54,finished
55,finished
56,finished
57,finished
58,finished
59,finished
60,finished
61,finished
62,finished
63,finished
64,finished
65,finished
66,finished
67,finished
68,finished
69,finished
70,finished
71,finished
72,finished
73,finished
74,finished
75,finished
76,finished
77,finished
78,finished
79,finished
80,finished
81,finished
82,finished
83,finished
84,finished
85,finished
86,finished
87,finished
88,finished
89,finished
90,finished
91,finished
92,finished
93,finished
94,finished
95,finished
96,finished
97,finished
98,finished
99,finished
100,finished
101,finished
102,finished
103,finished
104,finished
105,finished
106,finished
107,finished
108,finished
109,finished
110,finished
111,finished
112,finished
113,finished
114,finished
115,finished
116,finished
117,finished
118,finished
119,finished
120,finished
121,finished
122,finished
123,finished
124,finished
125,finished
126,finished
127,finished
128,finished
129,finished
130,finished
131,finished
132,finished
133,finished
134,finished
135,finished
136,finished
137,finished
138,finished
139,finished
140,finished
141,finished
142,finished
143,finished
144,finished
145,finished
146,finished
147,finished
148,finished
149,finished
150,finished
151,finished
152,finished
153,finished
154,finished
155,finished
156,finished
157,finished
158,finished
159,finished
160,finished
161,finished
162,finished
163,finished
164,finished
165,finished
166,finished
167,finished
168,finished
169,finished
170,finished
171,finished
172,finished
173,finished
174,finished
175,finished
176,finished
177,finished
178,finished
179,finished
180,finished
181,finished
182,finished
183,finished
184,finished
185,finished
186,finished
187,finished
188,finished
189,finished
190,finished
191,finished
192,finished
193,finished
194,finished
195,finished
196,finished
197,finished
198,finished
199,finished
200,finished
201,finished
202,finished
203,finished
204,finished
205,finished
206,finished
207,finished
208,finished
209,finished
210,finished
211,finished
212,finished
213,finished
214,finished
215,finished
216,finished
217,finished
218,finished
219,finished
220,finished
221,finished
222,finished
223,finished
224,finished
225,finished
226,finished
227,finished
228,finished
229,finished
230,finished
231,finished
232,finished
233,finished
234,finished
235,finished
236,finished
237,finished
238,finished
239,finished
240,finished
241,finished
242,finished
243,finished
244,finished
245,finished
246,finished
247,finished
248,finished
249,finished
250,finished
251,finished
252,finished
253,finished
254,finished
255,finished
256,finished
257,finished
258,finished
259,finished
260,finished
261,finished
262,finished
263,finished
264,finished
265,finished
266,finished
267,finished
268,finished
269,finished
270,finished
271,finished
272,finished
273,finished
274,finished
275,finished
276,finished
277,finished
278,finished
279,finished
280,finished
281,finished
282,finished
283,finished
284,finished
285,finished
286,finished
287,finished
288,finished
289,finished
290,finished
291,finished
292,finished
293,finished
294,finished
295,finished
296,finished
297,finished
298,finished
299,finished
300,finished
301,finished
302,finished
303,finished
304,finished
305,finished
306,finished
307,finished
308,finished
309,finished
310,finished
311,finished
312,finished
313,finished
314,finished
315,finished
316,finished
317,finished
318,finished
319,finished
320,finished
321,finished
322,finished
323,finished
324,finished
325,finished
326,finished
327,finished
328,finished
329,finished
330,finished
331,finished
332,finished
333,finished
334,finished
335,finished
336,finished
337,finished
338,finished
339,finished
340,finished
341,finished
342,finished
343,finished
344,finished
345,finished
346,finished
347,finished
348,finished
349,finished
350,finished
351,finished
352,finished
353,finished
354,finished
355,finished
356,finished
357,finished
358,finished
359,finished
360,finished
361,finished
362,finished
363,finished
364,finished
365,finished
366,finished
367,finished
368,finished
369,finished
370,finished
371,finished
372,finished
373,finished
374,finished
375,finished
376,finished
377,finished
378,finished
379,finished
380,finished
381,finished
382,finished
383,finished
384,finished
385,finished
386,finished
387,finished
388,finished
389,finished
390,finished
391,finished
392,finished
393,finished
394,finished
395,finished
396,finished
397,finished
398,finished
399,finished
400,finished
401,finished
402,finished
403,finished
404,finished
405,finished
406,finished
407,finished
408,finished
409,finished
410,finished
411,finished
412,finished
413,finished
414,finished
415,finished
416,finished
417,finished
418,finished
419,finished
420,finished
421,finished
422,finished
423,finished
424,finished
425,finished
426,finished
427,finished
428,finished
429,finished
430,finished
431,finished
432,finished
433,finished
434,finished
435,finished
436,finished
437,finished
438,finished
439,finished
440,finished
441,finished
442,finished
443,finished
444,finished
445,finished
446,finished
447,finished
448,finished
449,finished
450,finished
451,finished
452,finished
453,finished
454,finished
455,finished
456,finished
457,finished
458,finished
459,finished
460,finished
461,finished
462,finished
463,finished
464,finished
465,finished
466,finished
467,finished
468,finished
469,finished
470,finished
471,finished
472,finished
473,finished
474,finished
475,finished
476,finished
477,finished
478,finished
479,finished
480,finished
481,finished
482,finished
483,finished
484,finished
485,finished
486,finished
487,finished
488,finished
489,finished
490,finished
491,finished
492,finished
493,finished
494,finished
495,finished
496,finished
497,finished
498,finished
499,finished
500,finished
501,finished
502,finished
503,finished
504,finished
505,finished
506,finished
507,finished
508,finished
509,finished
510,finished
511,finished
512,finished
513,finished
514,finished
515,finished
516,finished
517,finished
518,finished
519,finished
520,finished
521,finished
522,finished
523,finished
524,finished
525,finished
526,finished
527,finished
528,finished
529,finished
530,finished
531,finished
532,finished
533,finished
534,finished
535,finished
536,finished
537,finished
538,finished
539,finished
540,finished
541,finished
542,finished
543,finished
544,finished
545,finished
546,finished
547,finished
548,finished
549,finished
550,finished
551,finished
552,finished
553,finished
554,finished
555,finished
556,finished
557,finished
558,finished
559,finished
560,finished
561,finished
562,finished
563,finished
564,finished
565,finished
566,finished
567,finished
568,finished
569,finished
570,finished
571,finished
572,finished
573,finished
574,finished
575,finished
576,finished
577,finished
578,finished
579,finished
580,finished
581,finished
582,finished
583,finished
584,finished
585,finished
586,finished
587,finished
588,finished
589,finished
590,finished
591,finished
592,finished
593,finished
594,finished
595,finished
596,finished
597,finished
598,finished
599,finished
600,finished
601,finished
602,finished
603,finished
604,finished
605,finished
606,finished
607,finished
608,finished
609,finished
610,finished
611,finished
612,finished
613,finished
614,finished
615,finished
616,finished
617,finished
618,finished
619,finished
620,finished
621,finished
622,finished
623,finished
624,finished
625,finished
626,finished
627,finished
628,finished
629,finished
630,finished
631,finished
632,finished
633,finished
634,finished
635,finished
636,finished
637,finished
638,finished
639,finished
640,finished
641,finished
642,finished
643,finished
644,finished
645,finished
646,finished
647,finished
648,finished
649,finished
650,finished
651,finished
652,finished
653,finished
654,finished
655,finished
656,finished
657,finished
658,finished
659,finished
660,finished
661,finished
662,finished
663,finished
664,finished
665,finished
666,finished
667,finished
668,finished
669,finished
670,finished
671,finished
672,finished
673,finished
674,finished
675,finished
676,finished
677,finished
678,finished
679,finished
680,finished
681,finished
682,finished
683,finished
684,finished
685,finished
686,finished
687,finished
688,finished
689,finished
690,finished
691,finished
692,finished
693,finished
694,finished
695,finished
696,finished
697,finished
698,finished
699,finished
700,finished
701,finished
702,finished
703,finished
704,finished
705,finished
706,finished
707,finished
708,finished
709,finished
710,finished
711,finished
712,finished
713,finished
714,finished
715,finished
716,finished
717,finished
718,finished
719,finished
720,finished
721,finished
722,finished
723,finished
724,finished
725,finished
726,finished
727,finished
728,finished
729,finished
730,finished
731,finished
732,finished
733,finished
734,finished
735,finished
736,finished
737,finished
738,finished
739,finished
740,finished
741,finished
742,finished
743,finished
744,finished
745,finished
746,finished
747,finished
748,finished
749,finished
750,finished
751,finished
752,finished
753,finished
754,finished
755,finished
756,finished
757,finished
758,finished
759,finished
760,finished
761,finished
762,finished
763,finished
764,finished
765,finished
766,finished
767,finished
768,finished
769,finished
770,finished
771,finished
772,finished
773,finished
774,finished
775,finished
776,finished
777,finished
778,finished
779,finished
780,finished
781,finished
782,finished
783,finished
784,finished
785,finished
786,finished
787,finished
788,finished
789,finished
790,finished
791,finished
792,finished
793,finished
794,finished
795,finished
796,finished
797,finished
798,finished
799,finished
800,finished
801,finished
802,finished
803,finished
804,finished
805,finished
806,finished
807,finished
808,finished
809,finished
810,finished
811,finished
812,finished
813,finished
814,finished
815,finished
816,finished
817,finished
818,finished
819,finished
820,finished
821,finished
822,finished
823,finished
824,finished
825,finished
826,finished
827,finished
828,finished
829,finished
830,finished
831,finished
832,finished
833,finished
834,finished
835,finished
836,finished
837,finished
838,finished
839,finished
840,finished
841,finished
842,finished
843,finished
844,finished
845,finished
846,finished
847,finished
848,finished
849,finished
850,finished
851,finished
852,finished
853,finished
854,finished
855,finished
856,finished
857,finished
858,finished
859,finished
860,finished
861,finished
862,finished
863,finished
864,finished
865,finished
866,finished
867,finished
868,finished
869,finished
870,finished
871,finished
872,finished
873,finished
874,finished
875,finished
876,finished
877,finished
878,finished
879,finished
880,finished
881,finished
882,finished
883,finished
884,finished
885,finished
886,finished
887,finished
888,finished
889,finished
890,finished
891,finished
892,finished
893,finished
894,finished
895,finished
896,finished
897,finished
898,finished
899,finished
900,finished
901,finished
902,finished
903,finished
904,finished
905,finished
906,finished
907,finished
908,finished
909,finished
910,finished
911,finished
912,finished
913,finished
914,finished
915,finished
916,finished
917,finished
918,finished
919,finished
920,finished
921,finished
922,finished
923,finished
924,finished
925,finished
926,finished
927,finished
928,finished
929,finished
930,finished
931,finished
932,finished
933,finished
934,finished
935,finished
936,finished
937,finished
938,finished
939,finished
940,finished
941,finished
942,finished
943,finished
944,finished
945,finished
946,finished
947,finished
948,finished
949,finished
950,finished
951,finished
952,finished
953,finished
954,finished
955,finished
956,finished
957,finished
958,finished
959,finished
960,finished
961,finished
962,finished
963,finished
964,finished
965,finished
966,finished
967,finished
968,finished
969,finished
970,finished
971,finished
972,finished
973,finished
974,finished
975,finished
976,finished
977,finished
978,finished
979,finished
980,finished
981,finished
982,finished
983,finished
984,finished
985,finished
986,finished
987,finished
988,finished
989,finished
990,finished
991,finished
992,finished
993,finished
994,finished
995,finished
996,finished
997,finished
998,finished
999,finished
1000,finished
1001,finished
1002,finished
1003,finished
1004,finished
1005,finished
1006,finished
1007,finished
1008,finished
1009,finished
1010,finished
1011,finished
1012,finished
1013,finished
1014,finished
1015,finished
1016,finished
1017,finished
1018,finished
1019,finished
1020,finished
1021,finished
1022,finished
1023,finished
1024,finished
1025,finished
1026,finished
1027,finished
1028,finished
1029,finished
1030,finished
1031,finished
1032,finished
1033,finished
1034,finished
1035,finished
1036,finished
1037,finished
1038,finished
1039,finished
1040,finished
1041,finished
1042,finished
1043,finished
1044,finished
1045,finished
1046,finished
1047,finished
1048,finished
1049,finished
1050,finished
1051,finished
1052,finished
1053,finished
1054,finished
1055,finished
1056,finished
1057,finished
1058,finished
1059,finished
1060,finished
1061,finished
1062,finished
1063,finished
1064,finished
1065,finished
1066,finished
1067,finished
1068,finished
1069,finished
1070,finished
1071,finished
1072,finished
1073,finished
1074,finished
1075,finished
1076,finished
1077,finished
1078,finished
1079,finished
1080,finished
1081,finished
1082,finished
1083,finished
1084,finished
1085,finished
1086,finished
1087,finished
1088,finished
1089,finished
1090,finished
1091,finished
1092,finished
1093,finished
1094,finished
1095,finished
1096,finished
1097,finished
1098,finished
1099,finished
1100,finished
1101,finished
1102,finished
1103,finished
1104,finished
1105,finished
1106,finished
1107,finished
1108,finished
1109,finished
1110,finished
1111,finished
1112,finished
1113,finished
1114,finished
1115,finished
1116,finished
1117,finished
1118,finished
1119,finished
1120,finished
1121,finished
1122,finished
1123,finished
1124,finished
1125,finished
1126,finished
1127,finished
1128,finished
1129,finished
1130,finished
1131,finished
1132,finished
1133,finished
1134,finished
1135,finished
1136,finished
1137,finished
1138,finished
1139,finished
1140,finished
1141,finished
1142,finished
1143,finished
1144,finished
1145,finished
1146,finished
1147,finished
1148,finished
1149,finished
1150,finished
1151,finished
1152,finished
1153,finished
1154,finished
1155,finished
1156,finished
1157,finished
1158,finished
1159,finished
1160,finished
1161,finished
1162,finished
1163,finished
1164,finished
1165,finished
1166,finished
1167,finished
1168,finished
1169,finished
1170,finished
1171,finished
1172,finished
1173,finished
1174,finished
1175,finished
1176,finished
1177,finished
1178,finished
1179,finished
1180,finished
1181,finished
1182,finished
1183,finished
1184,finished
1185,finished
1186,finished
1187,finished
1188,finished
1189,finished
1190,finished
1191,finished
1192,finished
1193,finished
1194,finished
1195,finished
1196,finished
1197,finished
1198,finished
1199,finished
1200,finished
1201,finished
1202,finished
1203,finished
1204,finished
1205,finished
1206,finished
1207,finished
1208,finished
1209,finished
1210,finished
1211,finished
1212,finished
1213,finished
1214,finished
1215,finished
1216,finished
1217,finished
1218,finished
1219,finished
1220,finished
1221,finished
1222,finished
1223,finished
1224,finished
1225,finished
1226,finished
1227,finished
1228,finished
1229,finished
1230,finished
1231,finished
1232,finished
1233,finished
1234,finished
1235,finished
1236,finished
1237,finished
1238,finished
1239,finished
1240,finished
1241,finished
1242,finished
1243,finished
1244,finished
1245,finished
1246,finished
1247,finished
1248,finished
1249,finished
1250,finished
1251,finished
1252,finished
1253,finished
1254,finished
1255,finished
1256,finished
1257,finished
1258,finished
1259,finished
1260,finished
1261,finished
1262,finished
1263,finished
1264,finished
1265,finished
1266,finished
1267,finished
1268,finished
1269,finished
1270,finished
1271,finished
1272,finished
1273,finished
1274,finished
1275,finished
1276,finished
1277,finished
1278,finished
1279,finished
1280,finished
1281,finished
1282,finished
1283,finished
1284,finished
1285,finished
1286,finished
1287,finished
1288,finished
1289,finished
1290,finished
1291,finished
1292,finished
1293,finished
1294,finished
1295,finished
1296,finished
1297,finished
1298,finished
1299,finished
1300,finished
1301,finished
1302,finished
1303,finished
1304,finished
1305,finished
1306,finished
1307,finished
1308,finished
1309,finished
1310,finished
1311,finished
1312,finished
1313,finished
1314,finished
1315,finished
1316,finished
1317,finished
1318,finished
1319,finished
1320,finished
1321,finished
1322,finished
1323,finished
1324,finished
1325,finished
1326,finished
1327,finished
1328,finished
1329,finished
1330,finished
1331,finished
1332,finished
1333,finished
1334,finished
1335,finished
1336,finished
1337,finished
1338,finished
1339,finished
1340,finished
1341,finished
1342,finished
1343,finished
1344,finished
1345,finished
1346,finished
1347,finished
1348,finished
1349,finished
1350,finished
1351,finished
1352,finished
1353,finished
1354,finished
1355,finished
1356,finished
1357,finished
1358,finished
1359,finished
1360,finished
1361,finished
1362,finished
1363,finished
1364,finished
1365,finished
1366,finished
1367,finished
1368,finished
1369,finished
1370,finished
1371,finished
1372,finished
1373,finished
1374,finished
1375,finished
1376,finished
1377,finished
1378,finished
1379,finished
1380,finished
1381,finished
1382,finished
1383,finished
1384,finished
1385,finished
1386,finished
1387,finished
1388,finished
1389,finished
1390,finished
1391,finished
1392,finished
1393,finished
1394,finished
1395,finished
1396,finished
1397,finished
1398,finished
1399,finished
1400,finished
1401,finished
1402,finished
1403,finished
1404,finished
1405,finished
1406,finished
1407,finished
1408,finished
1409,finished
1410,finished
1411,finished
1412,finished
1413,finished
1414,finished
1415,finished
1416,finished
1417,finished
1418,finished
1419,finished
1420,finished
1421,finished
1422,finished
1423,finished
1424,finished
1425,finished
1426,finished
1427,finished
1428,finished
1429,finished
1430,finished
1431,finished
1432,finished
1433,finished
1434,
1435,
1436,
1437,finished
1438,
1439,
1440,
1441,
1442,
1443,
1444,
1445,
1446,
1447,
1448,
1449,
1450,
1451,
1452,
1453,
1454,
1455,
1456,
1457,
1458,
1459,
1460,
1461,
1462,
1463,
1464,
1465,
1466,
1467,
1468,
1469,
1470,
1471,
1472,
1473,
1474,
1475,
1476,
1477,
1478,
1479,
1480,
1481,
1482,
1483,
1484,
1485,
1486,
1487,
1488,
1489,
1490,
1491,
1492,
1493,
1494,
1495,
1496,
1497,
1498,
1499,
1500,
1501,
1502,
1503,
1504,
1505,
1506,
1507,
1508,
1509,
1510,
1511,
1512,
1513,
1514,
1515,
1516,
1517,
1518,
1519,
1520,
1521,
1522,
1523,
1524,
1525,
1526,
1527,
1528,
1529,
1530,
1531,
1532,
1533,
1534,
1535,
1536,
1537,
1538,
1539,
1540,
1541,
1542,
1543,
1544,
1545,
1546,
1547,
1548,
1549,
1550,
1551,
1552,
1553,
1554,
1555,
1556,
1557,
1558,
1559,
1560,
1561,
1562,
1563,
1564,
1565,
1566,
1567,
1568,
1569,
1570,
1571,
1572,
1573,
1574,
1575,
1576,
1577,
1578,
1579,
1580,
1581,
1582,
1583,
1584,
1585,
1586,
1587,
1588,
1589,
1590,
1591,
1592,
1593,
1594,
1595,
1596,
1597,
1598,
1599,
1600,
1601,
1602,
1603,
1604,
1605,
1606,
1607,
1608,
1609,
1610,
1611,
1612,
1613,
1614,
1615,
1616,
1617,
1618,
1619,
1620,
1621,
1622,
1623,
1624,
1625,
1626,
1627,
1628,
1629,
1630,
1631,
1632,
1633,
1634,
1635,
1636,
1637,
1638,
1639,
1640,
1641,
1642,
1643,
1644,
1645,
1646,
1647,
1648,
1649,
1650,
1651,
1652,
1653,
1654,
1655,
1656,
1657,
1658,
1659,
1660,
1661,
1662,
1663,
1664,
1665,
1666,
1667,
1668,
1669,
1670,
1671,
1672,
1673,
1674,
1675,
1676,
1677,
1678,
1679,
1680,
1681,
1682,
1683,
1684,
1685,
1686,
1687,
1688,
1689,
1690,
1691,
1692,
1693,
1694,
1695,
1696,
1697,
1698,
1699,
1700,
1701,
1702,
1703,
1704,
1705,
1706,
1707,
1708,
1709,
1710,
1711,
1712,
1713,
1714,
1715,
1716,
1717,
1718,
1719,
1720,
1721,
1722,
1723,
1724,
1725,
1726,
1727,
1728,
1729,
1730,
1731,
1732,
1733,
1734,
1735,
1736,
1737,
1738,
1739,
1740,
1741,
1742,
1743,
1744,
1745,
1746,
1747,
1748,
1749,
1750,
1751,
1752,
1753,
1754,
1755,
1756,
1757,
1758,
1759,
1760,
1761,
1762,
1763,
1764,
1765,
1766,
1767,
1768,
1769,
1770,
1771,
1772,
1773,
1774,
1775,
1776,
1777,
1778,
1779,
1780,
1781,
1782,
1783,
1784,
1785,
1786,
1787,
1788,
1789,
1790,
1791,
1792,
1793,
1794,
1795,
1796,
1797,
1798,
1799,
1800,
1801,
1802,
1803,
1804,
1805,
1806,
1807,
1808,
1809,
1810,
1811,
1812,
1813,
1814,
1815,
1816,
1817,
1818,
1819,
1820,
1821,
1822,
1823,
1824,
1825,
1826,
1827,
1828,
1829,
1830,
1831,
1832,
1833,
1834,
1835,
1836,
1837,
1838,
1839,
1840,
1841,
1842,
1843,
1844,
1845,
1846,
1847,
1848,
1849,
1850,
1851,
1852,
1853,
1854,
1855,
1856,
1857,
1858,
1859,
1860,
1861,
1862,
1863,
1864,
1865,
1866,
1867,
1868,
1869,
1870,
1871,
1872,
1873,
1874,
1875,
1876,
1877,
1878,
1879,
1880,
1881,
1882,
1883,
1884,
1885,
1886,
1887,
1888,
1889,
1890,
1891,
1892,
1893,
1894,
1895,
1896,
1897,
1898,
1899,
1900,
1901,
1902,
1903,
1904,
1905,
1906,
1907,
1908,
1909,
1910,
1911,
1912,
1913,
1914,
1915,
1916,
1917,
1918,
1919,
1920,
1921,
1922,
1923,
1924,
1925,
1926,
1927,
1928,
1929,
1930,
1931,
1932,
1933,
1934,
1935,
1936,
1937,
1938,
1939,
1940,
1941,
1942,
1943,
1944,
1945,
1946,
1947,
1948,
1949,
1950,
1951,
1952,
1953,
1954,
1955,
1956,
1957,
1958,
1959,
1960,
1961,
1962,
1963,
1964,
1965,
1966,
1967,
1968,
1969,
1970,
1971,
1972,
1973,
1974,
1975,
1976,
1977,
1978,
1979,
1980,
1981,
1982,
1983,
1984,
1985,
1986,
1987,
1988,
1989,
1990,
1991,
1992,
1993,
1994,
1995,
1996,
1997,
1998,
1999,
2000,
2001,
2002,
2003,
2004,
2005,
2006,
2007,
2008,
2009,
2010,
2011,
2012,
2013,
2014,
2015,
2016,
2017,
2018,
2019,
2020,
2021,
2022,
2023,
2024,
2025,
2026,
2027,
2028,
2029,
2030,
2031,
2032,
2033,
2034,
2035,
2036,
2037,
2038,
2039,
2040,
2041,
2042,
2043,
2044,
2045,
2046,
2047,
2048,
2049,
2050,
2051,
2052,
2053,
2054,
2055,
2056,
2057,
2058,
2059,
2060,
2061,
2062,
2063,
2064,
2065,
2066,
2067,
2068,
2069,
2070,
2071,
2072,
2073,
2074,
2075,
2076,
2077,
2078,
2079,
2080,
2081,
2082,
2083,
2084,
2085,
2086,
2087,
2088,
2089,
2090,
2091,
2092,
2093,
2094,
2095,
2096,
2097,
2098,
2099,
2100,
2101,
2102,
2103,
2104,
2105,
2106,
2107,
2108,
2109,
2110,
2111,
2112,
2113,
2114,
2115,
2116,
2117,
2118,
2119,
2120,
2121,
2122,
2123,
2124,
2125,
2126,
2127,
2128,
2129,
2130,
2131,
2132,
2133,
2134,
2135,
2136,
2137,
2138,
2139,
2140,
2141,
2142,
2143,
2144,
2145,
2146,
2147,
2148,
2149,
2150,
2151,
2152,
2153,
2154,
2155,
2156,
2157,
2158,
2159,
2160,
2161,
2162,
2163,
2164,
2165,
2166,
2167,
2168,
2169,
2170,
2171,
2172,
2173,
2174,
2175,
2176,
2177,
2178,
2179,
2180,
2181,
2182,
2183,
2184,
2185,
2186,
2187,
2188,
2189,
2190,
2191,
2192,
2193,
2194,
2195,
2196,
2197,
2198,
2199,
2200,
2201,
2202,
2203,
2204,
2205,
2206,
2207,
2208,
2209,
2210,
2211,
2212,
2213,
2214,
2215,
2216,
2217,
2218,
2219,
2220,
2221,
2222,
2223,
2224,
2225,
2226,
2227,
2228,
2229,
2230,
2231,
2232,
2233,
2234,
2235,
2236,
2237,
2238,
2239,
2240,
2241,
2242,
2243,
2244,
2245,
2246,
2247,
2248,
2249,
2250,
2251,
2252,
2253,
2254,
2255,
2256,
2257,
2258,
2259,
2260,
2261,
2262,
2263,
2264,
2265,
2266,
2267,
2268,
2269,
2270,
2271,
2272,
2273,
2274,
2275,
2276,
2277,
2278,
2279,
2280,
2281,
2282,
2283,
2284,
2285,
2286,
2287,
2288,
2289,
2290,
2291,
2292,
2293,
2294,
2295,
2296,
2297,
2298,
2299,
2300,
2301,
2302,
2303,
2304,
2305,
2306,
2307,
2308,
2309,
2310,
2311,
2312,
2313,
2314,
2315,
2316,
2317,
2318,
2319,
2320,
2321,
2322,
2323,
2324,
2325,
2326,
2327,
2328,
2329,
2330,
2331,
2332,
2333,
2334,
2335,
2336,
2337,
2338,
2339,
2340,
2341,
2342,
2343,
2344,
2345,
2346,
2347,
2348,
2349,
2350,
2351,
2352,
2353,
2354,
2355,
2356,
2357,
2358,
2359,
2360,
2361,
2362,
2363,
2364,
2365,
2366,
2367,
2368,
2369,
2370,
2371,
2372,
2373,
2374,
2375,
2376,
2377,
2378,
2379,
2380,
2381,
2382,
2383,
2384,
2385,
2386,
2387,
2388,
2389,
2390,
2391,
2392,
2393,
2394,
2395,
2396,
2397,
2398,
2399,
2400,
2401,
2402,
2403,
2404,
2405,
2406,
2407,
2408,
2409,
2410,
2411,
2412,
2413,
2414,
2415,
2416,
2417,
2418,
2419,
2420,
2421,
2422,
2423,
2424,
2425,
2426,
2427,
2428,
2429,
2430,
2431,
2432,
2433,
2434,
2435,
2436,
2437,
2438,
2439,
2440,
2441,
2442,
2443,
2444,
2445,
2446,
2447,
2448,
2449,
2450,
2451,
2452,
2453,
2454,
2455,
2456,
2457,
2458,
2459,
2460,
2461,
2462,
2463,
2464,
2465,
2466,
2467,
2468,
2469,
2470,
2471,
2472,
2473,
2474,
2475,
2476,
2477,
2478,
2479,
2480,
2481,
2482,
2483,
2484,
2485,
2486,
2487,
2488,
2489,
2490,
2491,
2492,
2493,
2494,
2495,
2496,
2497,
2498,
2499,
2500,
2501,
2502,
2503,
2504,
2505,
2506,
2507,
2508,
2509,
2510,
2511,
2512,
2513,
2514,
2515,
2516,
2517,
2518,
2519,
2520,
2521,
2522,
2523,
2524,
2525,
2526,
2527,
2528,
2529,
2530,
2531,
2532,
2533,
2534,
2535,
2536,
2537,
2538,
2539,
2540,
2541,
2542,
2543,
2544,
2545,
2546,
2547,
2548,
2549,
2550,
2551,
2552,
2553,
2554,
2555,
2556,
2557,
2558,
2559,
2560,
2561,
2562,
2563,
2564,
2565,
2566,
2567,
2568,
2569,
2570,
2571,
2572,
2573,
2574,
2575,
2576,
2577,
2578,
2579,
2580,
2581,
2582,
2583,
2584,
2585,
2586,
2587,
2588,
2589,
2590,
2591,
2592,
2593,
2594,
2595,
2596,
2597,
2598,
2599,
2600,
2601,
2602,
2603,
2604,
2605,
2606,
2607,
2608,
2609,
2610,
2611,
2612,
2613,
2614,
2615,
2616,
2617,
2618,
2619,
2620,
2621,
2622,
2623,
2624,
2625,
2626,
2627,
2628,
2629,
2630,
2631,
2632,
2633,
2634,
2635,
2636,
2637,
2638,
2639,
2640,
2641,
2642,
2643,
2644,
2645,
2646,
2647,
2648,
2649,
2650,
2651,
2652,
2653,
2654,
2655,
2656,
2657,
2658,
2659,
2660,
2661,
2662,
2663,
2664,
2665,
2666,
2667,
2668,
2669,
2670,
2671,
2672,
2673,
2674,
2675,
2676,
2677,
2678,
2679,
2680,
2681,
2682,
2683,
2684,
2685,
2686,
2687,
2688,
2689,
2690,
2691,
2692,
2693,
2694,
2695,
2696,
2697,
2698,
2699,
2700,
2701,
2702,
2703,
2704,
2705,
2706,
2707,
2708,
2709,
2710,
2711,
2712,
2713,
2714,
2715,
2716,
2717,
2718,
2719,
2720,
2721,
2722,
2723,
2724,
2725,
2726,
2727,
2728,
2729,
2730,
2731,
2732,
2733,
2734,
2735,
2736,
2737,
2738,
2739,
2740,
2741,
2742,
2743,
2744,
2745,
2746,
2747,
2748,
2749,
2750,
2751,
2752,
2753,
2754,
2755,
2756,
2757,
2758,
2759,
2760,
2761,
2762,
2763,
2764,
2765,
2766,
2767,
2768,
2769,
2770,
2771,
2772,
2773,
2774,
2775,
2776,
2777,
2778,
2779,
2780,
2781,
2782,
2783,
2784,
2785,
2786,
2787,
2788,
2789,
2790,
2791,
2792,
2793,
2794,
2795,
2796,
2797,
2798,
2799,
2800,
2801,
2802,
2803,
2804,
2805,
2806,
2807,
2808,
2809,
2810,
2811,
2812,
2813,
2814,
2815,
2816,
2817,
2818,
2819,
2820,
2821,
2822,
2823,
2824,
2825,
2826,
2827,
2828,
2829,
2830,
2831,
2832,
2833,
2834,
2835,
2836,
2837,
2838,
2839,
2840,
2841,
2842,
2843,
2844,
2845,
2846,
2847,
2848,
2849,
2850,
2851,
2852,
2853,
2854,
2855,
2856,
2857,
2858,
2859,
2860,
2861,
2862,
2863,
2864,
2865,
2866,
2867,
2868,
2869,
2870,
2871,
2872,
2873,
2874,
2875,
2876,
2877,
2878,
2879,
2880,
2881,
2882,
2883,
2884,
2885,
2886,
2887,
2888,
2889,
2890,
2891,
2892,
2893,
2894,
2895,
2896,
2897,
2898,
2899,
2900,
2901,
2902,
2903,
2904,
2905,
2906,
2907,
2908,
2909,
2910,
2911,
2912,
2913,
2914,
2915,
2916,
2917,
2918,
2919,
2920,
2921,
2922,
2923,
2924,
2925,
2926,
2927,
2928,
2929,
2930,
2931,
2932,
2933,
2934,
2935,
2936,
2937,
2938,
2939,
2940,
2941,
2942,
2943,
2944,
2945,
2946,
2947,
2948,
2949,
2950,
2951,
2952,
2953,
2954,
2955,
2956,
2957,
2958,
2959,
2960,
2961,
2962,
2963,
2964,
2965,
2966,
2967,
2968,
2969,
2970,
2971,
2972,
2973,
2974,
2975,
2976,
2977,
2978,
2979,
2980,
2981,
2982,
2983,
2984,
2985,
2986,
2987,
2988,
2989,
2990,
2991,
2992,
2993,
2994,
2995,
2996,
2997,
2998,
2999,
3000,
3001,
3002,
3003,
3004,
3005,
3006,
3007,
3008,
3009,
3010,
3011,
3012,
3013,
3014,
3015,
3016,
3017,
3018,
3019,
3020,
3021,
3022,
3023,
3024,
3025,
3026,
3027,
3028,
3029,
3030,
3031,
3032,
3033,
3034,
3035,
3036,
3037,
3038,
3039,
3040,
3041,
3042,
3043,
3044,
3045,
3046,
3047,
3048,
3049,
3050,
3051,
3052,
3053,
3054,
3055,
3056,
3057,
3058,
3059,
3060,
3061,
3062,
3063,
3064,
3065,
3066,
3067,
3068,
3069,
3070,
3071,
3072,
3073,
3074,
3075,
3076,
3077,
3078,
3079,
3080,
3081,
3082,
3083,
3084,
3085,
3086,
3087,
3088,
3089,
3090,
3091,
3092,
3093,
3094,
3095,
3096,
3097,
3098,
3099,
3100,
3101,
3102,
3103,
3104,
3105,
3106,
3107,
3108,
3109,
3110,
3111,
3112,
3113,
3114,
3115,
3116,
3117,
3118,
3119,
3120,
3121,
3122,
3123,
3124,
3125,
3126,
3127,
3128,
3129,
3130,
3131,
3132,
3133,
3134,
3135,
3136,
3137,
3138,
3139,
3140,
3141,
3142,
3143,
3144,
3145,
3146,
3147,
3148,
3149,
3150,
3151,
3152,
3153,
3154,
3155,
3156,
3157,
3158,
3159,
3160,
3161,
3162,
3163,
3164,
3165,
3166,
3167,
3168,
3169,
3170,
3171,
3172,
3173,
3174,
3175,
3176,
3177,
3178,
3179,
3180,
3181,
3182,
3183,
3184,
3185,
3186,
3187,
3188,
3189,
3190,
3191,
3192,
3193,
3194,
3195,
3196,
3197,
3198,
3199,
3200,
3201,
3202,
3203,
3204,
3205,
3206,
3207,
3208,
3209,
3210,
3211,
3212,
3213,
3214,
3215,
3216,
3217,
3218,
3219,
3220,
3221,
3222,
3223,
3224,
3225,
3226,
3227,
3228,
3229,
3230,
3231,
3232,
3233,
3234,
3235,
3236,
3237,
3238,
3239,
3240,
3241,
3242,
3243,
3244,
3245,
3246,
3247,
3248,
3249,
3250,
3251,
3252,
3253,
3254,
3255,
3256,
3257,
3258,
3259,
3260,
3261,
3262,
3263,
3264,
3265,
3266,
3267,
3268,
3269,
3270,
3271,
3272,
3273,
3274,
3275,
3276,
3277,
3278,
3279,
3280,
3281,
3282,
3283,
3284,
3285,
3286,
3287,
3288,
3289,
3290,
3291,
3292,
3293,
3294,
3295,
3296,
3297,
3298,
3299,
3300,
3301,
3302,
3303,
3304,
3305,
3306,
3307,
3308,
3309,
3310,
3311,
3312,
3313,
3314,
3315,
3316,
3317,
3318,
3319,
3320,
3321,
3322,
3323,
3324,
3325,
3326,
3327,
3328,
3329,
3330,
3331,
3332,
3333,
3334,
3335,
3336,
3337,
3338,
3339,
3340,
3341,
3342,
3343,
3344,
3345,
3346,
3347,
3348,
3349,
3350,
3351,
3352,
3353,
3354,
3355,
3356,
3357,
3358,
3359,
3360,
3361,
3362,
3363,
3364,
3365,
3366,
3367,
3368,
3369,
3370,
3371,
3372,
3373,
3374,
3375,
3376,
3377,
3378,
3379,
3380,
3381,
3382,
3383,
3384,
3385,
3386,
3387,
3388,
3389,
3390,
3391,
3392,
3393,
3394,
3395,
3396,
3397,
3398,
3399,
3400,
3401,
3402,
3403,
3404,
3405,
3406,
3407,
3408,
3409,
3410,
3411,
3412,
3413,
3414,
3415,
3416,
3417,
3418,
3419,
3420,
3421,
3422,
3423,
3424,
3425,
3426,
3427,
3428,
3429,
3430,
3431,
3432,
3433,
3434,
3435,
3436,
3437,
3438,
3439,
3440,
3441,
3442,
3443,
3444,
3445,
3446,
3447,
3448,
3449,
3450,
3451,
3452,
3453,
3454,
3455,
3456,
3457,
3458,
3459,
3460,
3461,
3462,
3463,
3464,
3465,
3466,
3467,
3468,
3469,
3470,
3471,
3472,
3473,
3474,
3475,
3476,
3477,
3478,
3479,
3480,
3481,
3482,
3483,
3484,
3485,
3486,
3487,
3488,
3489,
3490,
3491,
3492,
3493,
3494,
3495,
3496,
3497,
3498,
3499,
3500,
3501,
3502,
3503,
3504,
3505,
3506,
3507,
3508,
3509,
3510,
3511,
3512,
3513,
3514,
3515,
3516,
3517,
3518,
3519,
3520,
3521,
3522,
3523,
3524,
3525,
3526,
3527,
3528,
3529,
3530,
3531,
3532,
3533,
3534,
3535,
3536,
3537,
3538,
3539,
3540,
3541,
3542,
3543,
3544,
3545,
3546,
3547,
3548,
3549,
3550,
3551,
3552,
3553,
3554,
3555,
3556,
3557,
3558,
3559,
3560,
3561,
3562,
3563,
3564,
3565,
3566,
3567,
3568,
3569,
3570,
3571,
3572,
3573,
3574,
3575,
3576,
3577,
3578,
3579,
3580,
3581,
3582,
3583,
3584,
3585,
3586,
3587,
3588,
3589,
3590,
3591,
3592,
3593,
3594,
3595,
3596,
3597,
3598,
3599,
3600,
3601,
3602,
3603,
3604,
3605,
3606,
3607,
3608,
3609,
3610,
3611,
3612,
3613,
3614,
3615,
3616,
3617,
3618,
3619,
3620,
3621,
3622,
3623,
3624,
3625,
3626,
3627,
3628,
3629,
3630,
3631,
3632,
3633,
3634,
3635,
3636,
3637,
3638,
3639,
3640,
3641,
3642,
3643,
3644,
3645,
3646,
3647,
3648,
3649,
3650,
3651,
3652,
3653,
3654,
3655,
3656,
3657,
3658,
3659,
3660,
3661,
3662,
3663,
3664,
3665,
3666,
3667,
3668,
3669,
3670,
3671,
3672,
3673,
3674,
3675,
3676,
3677,
3678,
3679,
3680,
3681,
3682,
3683,
3684,
3685,
3686,
3687,
3688,
3689,
3690,
3691,
3692,
3693,
3694,
3695,
3696,
3697,
3698,
3699,
3700,
3701,
3702,
3703,
3704,
3705,
3706,
3707,
3708,
3709,
3710,
3711,
3712,
3713,
3714,
3715,
3716,
3717,
3718,
3719,
3720,
3721,
3722,
3723,
3724,
3725,
3726,
3727,
3728,
3729,
3730,
3731,
3732,
3733,
3734,
3735,
3736,
3737,
3738,
3739,
3740,
3741,
3742,
3743,
3744,
3745,
3746,
3747,
3748,
3749,
3750,
3751,
3752,
3753,
3754,
3755,
3756,
3757,
3758,
3759,
3760,
3761,
3762,
3763,
3764,
3765,
3766,
3767,
3768,
3769,
3770,
3771,
3772,
3773,
3774,
3775,
3776,
3777,
3778,
3779,
3780,
3781,
3782,
3783,
3784,
3785,
3786,
3787,
3788,
3789,
3790,
3791,
3792,
3793,
3794,
3795,
3796,
3797,
3798,
3799,
3800,
3801,
3802,
3803,
3804,
3805,
3806,
3807,
3808,
3809,
3810,
3811,
3812,
3813,
3814,
3815,
3816,
3817,
3818,
3819,
3820,
3821,
3822,
3823,
3824,
3825,
3826,
3827,
3828,
3829,
3830,
3831,
3832,
3833,
3834,
3835,
3836,
3837,
3838,
3839,
3840,
3841,
3842,
3843,
3844,
3845,
3846,
3847,
3848,
3849,
3850,
3851,
3852,
3853,
3854,
3855,
3856,
3857,
3858,
3859,
3860,
3861,
3862,
3863,
3864,
3865,
3866,
3867,
3868,
3869,
3870,
3871,
3872,
3873,
3874,
3875,
3876,
3877,
3878,
3879,
3880,
3881,
3882,
3883,
3884,
3885,
3886,
3887,
3888,
3889,
3890,
3891,
3892,
3893,
3894,
3895,
3896,
3897,
3898,
3899,
3900,
3901,
3902,
3903,
3904,
3905,
3906,
3907,
3908,
3909,
3910,
3911,
3912,
3913,
3914,
3915,
3916,
3917,
3918,
3919,
3920,
3921,
3922,
3923,
3924,
3925,
3926,
3927,
3928,
3929,
3930,
3931,
3932,
3933,
3934,
3935,
3936,
3937,
3938,
3939,
3940,
3941,
3942,
3943,
3944,
3945,
3946,
3947,
3948,
3949,
3950,
3951,
3952,
3953,
3954,
3955,
3956,
3957,
3958,
3959,
3960,
3961,
3962,
3963,
3964,
3965,
3966,
3967,
3968,
3969,
3970,
3971,
3972,
3973,
3974,
3975,
3976,
3977,
3978,
3979,
3980,
3981,
3982,
3983,
3984,
3985,
3986,
3987,
3988,
3989,
3990,
3991,
3992,
3993,
3994,
3995,
3996,finished
3997,finished
3998,finished
3999,finished
